x_odo,y_odo,theta_odo,x_icp,y_icp,theta_icp,score_icp
400.00,600.00,90.00,417.59,531.89,142.06,1381.03
399.99,600.01,90.00,415.41,525.72,132.89,1353.93
399.99,600.01,90.00,414.60,527.26,136.24,1412.09
399.99,591.30,90.00,421.02,521.48,134.74,1355.78
400.17,586.51,90.00,420.57,524.55,138.29,1469.36
400.23,585.43,90.00,452.56,462.19,126.21,196.63
400.47,582.52,90.00,419.21,529.64,110.84,1136.92
400.77,575.20,90.00,417.62,524.05,107.19,1093.45
400.76,574.08,90.00,409.73,531.92,91.61,447.98
401.03,568.70,90.00,411.79,526.43,92.89,333.76
401.17,564.12,90.00,415.27,519.16,93.43,203.74
401.20,564.67,90.00,412.89,515.40,91.93,70.40
401.27,564.32,90.39,409.47,514.43,90.41,59.42
401.44,563.29,90.39,410.39,514.75,90.08,165.55
401.45,563.30,90.39,411.42,516.55,90.81,74.77
401.65,562.37,90.39,410.87,516.08,90.39,95.61
401.84,561.42,90.39,412.15,517.37,91.34,58.92
402.05,560.52,90.39,415.29,516.40,92.39,84.21
402.31,559.64,90.39,412.38,515.56,91.28,81.85
402.52,558.74,90.39,413.16,513.01,91.20,215.26
402.52,558.74,90.39,412.67,515.00,91.10,155.35
402.52,558.74,90.39,411.64,516.33,90.98,67.66
402.70,557.89,90.45,410.89,516.09,90.37,89.11
402.87,557.06,90.45,414.37,516.43,92.29,84.65
403.10,556.24,90.81,415.55,516.29,92.55,87.94
403.34,555.44,90.81,411.58,515.64,90.87,93.18
403.51,554.65,90.81,411.04,515.03,89.90,128.31
403.51,554.65,90.81,410.28,515.37,89.94,105.65
404.09,546.74,90.73,414.38,515.92,92.82,97.04
396.80,540.29,90.73,405.22,515.21,92.13,139.41
394.42,540.10,90.73,397.33,515.87,92.90,174.27
388.27,540.06,90.73,387.72,517.99,92.86,100.85
382.53,535.54,91.15,378.45,516.16,93.53,150.83
376.15,535.26,91.15,371.49,510.35,97.17,380.15
369.97,535.07,91.15,359.15,508.91,97.83,378.61
368.40,535.02,91.15,355.26,504.38,99.33,594.56
362.87,534.86,91.15,349.00,502.41,99.72,687.71
355.69,534.55,91.15,338.50,498.06,98.30,1058.15
350.18,534.30,91.15,329.64,504.39,95.59,961.24
344.56,534.12,91.15,325.78,502.03,94.28,1204.85
342.56,534.01,91.15,316.90,502.89,89.52,1540.03
341.40,533.94,91.15,318.41,504.37,90.70,1353.77
340.14,533.84,91.15,314.96,507.10,90.03,1249.29
338.56,533.78,91.15,312.36,509.63,90.76,1063.17
337.43,533.70,91.15,315.84,509.79,89.94,1159.30
333.05,533.55,91.15,309.25,508.36,88.75,1219.50
331.39,533.46,91.15,306.71,511.43,88.63,1071.23
329.81,533.39,91.15,302.18,513.71,89.02,876.88
328.18,533.36,91.15,301.12,510.73,87.90,1157.50
327.01,533.32,91.15,306.72,514.40,88.98,858.43
323.46,533.13,91.15,304.36,514.36,88.98,858.42
321.07,533.10,91.15,283.18,515.37,87.03,968.74
317.40,532.89,91.15,282.01,515.49,86.58,1034.09
313.85,532.63,91.15,277.71,517.22,85.51,1065.13
311.85,532.52,91.15,281.17,518.33,86.60,814.17
310.27,532.47,91.15,275.52,519.40,88.36,611.31
306.68,532.38,91.15,264.72,519.40,87.64,629.33
303.11,532.18,91.15,257.03,519.14,85.83,749.62
299.59,531.96,91.15,238.24,520.62,88.05,476.32
297.80,531.89,91.15,229.70,521.39,87.27,521.33
298.91,532.36,91.15,211.19,519.67,88.53,447.06
305.54,533.33,91.15,215.93,519.48,88.11,462.50
308.85,533.29,91.15,244.39,523.36,87.70,636.83
309.80,533.27,91.15,263.13,521.60,90.00,649.28
310.95,533.27,91.15,267.22,520.59,88.80,730.45
313.11,533.36,91.15,266.50,521.11,88.13,700.31
316.20,533.61,91.15,283.69,520.31,87.09,863.07
319.23,533.80,91.15,285.58,519.82,87.19,1008.43
321.06,533.86,91.15,283.55,520.81,89.64,886.48
322.63,533.89,91.15,280.21,518.52,88.00,1248.44
325.40,533.94,91.15,297.32,519.56,89.38,941.27
326.85,534.11,91.15,289.28,518.50,89.65,1098.66
328.35,534.12,91.15,288.94,519.15,90.20,922.06
329.84,533.11,91.15,292.25,517.46,89.56,1104.25
329.95,532.00,91.15,295.59,515.98,90.01,1076.62
329.80,530.16,91.15,295.00,515.94,90.50,944.55
329.48,528.17,91.15,299.01,511.00,90.49,860.10
329.07,523.28,91.15,298.63,506.77,90.36,871.10
329.31,521.01,91.15,299.53,500.14,90.48,633.96
329.70,519.33,91.15,299.33,496.70,90.87,596.98
329.99,513.82,91.15,300.09,487.97,90.22,634.43
329.84,511.11,91.15,302.63,482.42,91.13,622.16
329.76,508.11,91.15,302.59,476.15,91.51,548.35
329.98,503.88,91.15,301.07,470.59,91.53,526.80
330.27,500.15,91.15,268.34,459.34,91.52,430.25
330.29,495.99,91.15,270.48,449.24,92.77,367.32
330.33,494.09,91.15,270.99,444.15,93.94,234.70
330.48,492.17,91.15,272.77,439.68,94.50,251.44
330.54,491.02,91.15,271.99,438.34,94.67,154.34
330.58,489.47,91.15,275.42,434.18,95.66,112.62
329.54,487.23,92.05,274.03,430.23,96.61,105.60
328.53,484.56,92.05,274.87,429.89,95.52,41.93
327.52,482.27,92.05,275.98,425.21,95.91,55.93
326.48,479.95,92.05,282.25,420.97,98.29,61.95
325.61,477.52,92.05,281.47,420.98,97.61,43.98
324.89,472.84,92.05,302.88,403.94,105.35,43.25
324.60,469.51,93.38,300.60,401.53,102.07,39.53
324.25,466.98,93.38,323.52,390.02,111.38,24.02
324.33,465.81,93.38,328.59,385.86,111.51,24.77
323.80,472.41,93.38,289.64,406.22,101.24,1.19
322.97,472.52,94.17,294.47,405.45,102.89,38.08
322.20,473.19,94.17,280.51,416.89,99.08,1.37
321.01,475.39,94.17,320.40,400.95,113.56,43.47
320.53,477.62,94.17,290.33,421.38,102.58,88.34
319.85,477.62,95.01,274.03,435.06,96.45,158.94
319.56,481.09,95.01,274.09,439.17,96.68,168.92
319.20,484.64,95.01,273.79,442.62,96.07,310.08
319.00,486.53,95.01,268.47,449.62,94.04,388.18
318.85,487.76,95.01,266.00,454.62,93.25,455.92
318.95,486.71,95.01,266.64,456.05,93.50,345.32
319.05,486.36,95.01,266.65,456.90,93.37,394.00
319.00,486.43,95.01,265.81,456.24,93.63,389.82
318.97,486.58,95.01,266.16,455.69,94.58,347.59
318.97,486.58,95.01,266.26,455.67,94.59,351.41
318.98,486.59,95.01,265.99,456.58,94.55,308.06
318.98,486.59,95.01,264.64,455.49,94.34,377.84
318.98,486.59,95.01,265.60,455.84,94.23,372.35
318.98,486.59,95.01,264.65,457.08,94.37,304.80
318.98,486.59,95.01,265.50,455.89,94.17,370.65
318.98,486.59,95.01,265.91,456.82,94.52,305.30
318.98,486.59,95.01,266.34,455.83,94.50,374.89
318.98,486.59,95.01,266.15,455.61,94.54,367.68
318.98,486.59,95.01,265.62,455.75,94.36,379.78
318.98,486.59,95.01,265.59,455.83,94.27,382.64
318.98,486.59,95.01,265.57,455.88,94.29,373.41
318.98,486.59,95.01,265.62,456.05,94.31,359.39
318.98,486.59,95.01,264.64,455.99,93.97,379.61
318.98,486.59,95.01,264.86,455.88,94.01,382.80
318.98,486.59,95.01,265.94,455.76,94.33,383.12
318.98,486.59,95.01,265.18,455.81,94.19,382.10
318.98,486.59,95.01,265.59,455.57,94.34,385.59
318.98,486.59,95.01,266.01,455.75,94.52,367.37
318.98,486.59,95.01,265.41,455.82,94.24,376.71
318.98,486.59,95.01,265.36,455.80,94.24,383.34
318.98,486.59,95.01,264.79,455.79,93.99,374.93
319.00,486.59,95.01,265.64,456.70,94.36,310.14
319.90,486.84,95.01,266.06,456.19,94.17,373.73
322.69,487.28,95.01,271.61,455.57,94.48,401.12
325.86,487.74,95.01,270.98,455.99,93.25,412.67
328.13,487.94,95.01,280.13,455.51,95.19,500.82
329.80,488.07,95.01,286.02,456.97,95.84,463.00
332.19,488.48,95.01,292.68,458.74,96.19,337.75
335.96,488.77,95.01,299.31,457.74,95.07,320.53
339.59,489.20,95.01,310.03,459.13,96.98,252.87
342.65,489.49,95.01,317.17,458.48,96.65,349.37
342.17,489.48,95.01,321.41,456.85,98.48,312.25
341.01,489.41,95.01,323.39,456.02,97.26,412.35
340.79,489.33,95.01,321.75,458.71,96.65,243.70
340.91,489.34,95.01,314.40,458.31,95.91,314.99
340.91,489.34,95.01,324.92,458.14,97.13,298.39
340.92,489.34,95.01,317.70,458.07,96.93,277.86
340.92,489.34,95.01,317.37,457.70,96.92,329.33
340.92,489.34,95.01,322.92,458.21,97.20,282.32
340.92,489.34,95.01,320.11,455.99,97.16,422.87
340.92,489.34,95.01,321.43,456.86,97.37,363.17
340.92,489.34,95.01,319.94,455.78,97.49,414.08
340.92,489.34,95.01,320.70,456.97,97.07,348.81
340.92,489.34,95.01,321.60,456.79,97.40,353.43
340.92,489.34,95.01,323.29,455.93,97.76,421.83
340.92,489.34,95.01,321.88,456.00,97.56,424.47
340.92,489.34,95.01,321.21,457.11,97.26,342.09
340.92,489.34,95.01,325.21,455.78,98.13,432.95
340.92,489.34,95.01,319.36,457.15,96.87,352.22
340.92,489.34,95.01,321.29,456.02,97.32,428.34
340.92,489.34,95.01,320.97,455.84,97.63,412.31
340.92,489.34,95.01,321.15,456.85,97.23,359.45
340.92,489.34,95.01,320.72,455.68,97.83,418.64
340.92,489.34,95.01,324.91,455.66,98.06,421.82
340.92,489.34,95.01,321.67,457.02,97.05,369.26
340.92,489.34,95.01,321.22,456.94,97.32,361.08
340.92,489.34,95.01,321.81,456.76,97.47,354.72
340.92,489.34,95.01,322.45,455.84,97.83,426.92
340.92,489.34,95.01,319.39,457.03,96.93,348.68
340.92,489.34,95.01,321.81,457.12,97.10,348.64
340.92,489.34,95.01,319.22,456.95,96.78,356.78
340.92,489.34,95.01,321.60,457.79,97.37,290.14
340.92,489.34,95.01,321.18,456.25,97.26,408.17
340.92,489.34,95.01,320.79,456.18,97.10,410.93
340.92,489.34,95.01,321.94,456.16,97.50,413.41
340.92,489.34,95.01,321.78,456.57,97.90,364.57
340.92,489.34,95.01,319.86,456.20,97.13,409.09
340.90,489.48,95.01,321.25,456.30,97.30,415.24
340.66,493.15,95.01,319.94,459.83,97.27,352.92
340.24,497.62,95.01,320.90,465.84,96.65,399.80
340.09,501.19,95.01,316.21,475.66,96.58,338.27
340.06,503.05,95.01,314.44,478.66,95.98,525.09
339.79,505.67,95.01,314.97,486.53,96.64,513.41
339.56,508.63,95.01,315.23,490.52,96.71,567.22
338.97,514.34,95.01,310.13,499.62,95.40,528.15
339.07,513.71,95.01,320.48,502.07,95.67,764.45
339.07,513.35,95.01,310.35,500.85,95.36,940.52
339.07,513.39,95.01,320.47,502.11,96.47,791.45
339.05,513.37,95.01,320.61,502.25,96.60,790.33
339.05,513.37,95.01,320.85,502.24,97.72,700.78
339.05,513.37,95.01,307.26,500.91,96.24,879.69
339.05,513.37,95.01,305.10,501.63,95.42,870.14
339.05,513.37,95.01,312.18,502.54,96.24,781.65
339.05,513.37,95.01,319.15,500.01,96.87,940.65
339.05,513.37,95.01,320.77,502.08,96.70,790.11
339.05,513.37,95.01,320.76,501.71,97.39,782.01
339.05,513.37,95.01,315.71,502.47,95.98,804.06
339.05,513.37,95.01,309.39,502.18,96.37,772.94
339.05,513.37,95.01,311.10,502.71,95.48,806.47
339.05,513.37,95.01,315.79,502.14,96.73,762.98
339.05,513.37,95.01,316.01,502.27,96.09,817.06
339.05,513.37,95.01,319.70,501.14,96.97,849.39
339.05,513.37,95.01,316.89,502.82,97.09,707.06
339.05,513.37,95.01,311.39,502.95,95.74,767.53
339.05,513.37,95.01,316.11,502.67,96.15,784.05
339.05,513.37,95.01,396.22,480.83,131.79,623.90
339.05,513.37,95.01,312.10,502.58,96.23,779.41
339.05,513.37,95.01,316.24,501.67,96.26,850.52
339.05,513.37,95.01,320.93,501.59,97.44,786.97
339.05,513.37,95.01,320.16,501.92,96.98,780.05
339.05,513.37,95.01,313.17,503.40,96.19,706.80
339.05,513.37,95.01,321.35,501.15,98.15,784.45
339.05,513.37,95.01,311.89,502.78,96.03,769.74
339.05,513.37,95.01,320.69,502.30,96.68,777.36
339.05,513.37,95.01,312.04,503.42,96.13,710.67
339.05,513.37,95.01,319.11,500.72,96.85,890.52
339.04,513.38,95.01,321.30,502.53,97.33,711.05
339.48,513.49,95.01,321.70,502.61,97.28,718.46
347.68,514.64,95.01,326.97,502.77,95.80,819.12
350.09,515.00,95.01,324.72,502.96,97.06,774.20
355.60,515.48,95.01,334.68,502.17,97.53,782.53
359.19,515.89,95.01,342.14,503.04,98.22,658.28
365.15,516.49,95.01,361.62,502.21,100.86,668.86
371.14,517.17,95.01,370.49,508.35,99.24,317.24
373.69,517.43,95.01,374.50,507.73,99.01,345.88
374.86,517.56,95.01,378.27,507.76,99.49,313.33
376.38,517.71,95.01,377.79,508.48,98.40,322.72
378.26,517.96,95.01,379.92,512.21,96.08,126.48
381.02,518.21,95.01,385.90,511.96,96.99,137.69
383.01,518.38,95.01,391.14,511.37,97.62,198.15
387.89,518.98,95.01,402.10,510.96,99.53,226.92
394.64,519.72,95.01,410.36,513.65,96.59,125.94
396.20,519.87,95.01,413.06,513.54,92.75,94.63
401.00,518.77,94.56,418.81,514.27,94.93,80.18
404.97,517.63,94.56,420.61,514.76,91.98,37.46
408.29,517.05,94.56,419.21,513.64,91.23,65.80
410.53,516.37,93.89,418.71,513.10,91.11,76.36
412.16,515.71,93.89,414.34,514.53,90.79,13.12
412.21,515.69,93.89,419.74,512.70,91.82,117.31
413.71,515.09,93.48,418.15,512.22,90.60,130.25
413.71,515.09,93.48,421.17,512.01,92.17,117.90
415.21,514.47,93.48,418.53,513.28,91.00,71.35
415.27,514.45,93.48,417.17,512.45,90.07,121.92
415.27,514.45,93.48,417.61,513.48,90.86,62.74
415.32,514.43,92.95,417.46,513.20,90.77,75.95
415.36,514.41,92.95,419.18,513.31,91.41,71.14
415.44,514.38,92.95,421.46,512.28,92.41,113.79
416.66,513.96,92.90,419.38,512.98,91.54,75.91
416.72,513.85,92.90,418.93,511.83,91.17,161.42
416.75,513.38,92.90,418.68,512.73,91.12,69.69
417.30,503.53,92.90,418.12,504.13,91.05,66.53
417.86,498.20,92.53,418.60,491.87,91.69,18.88
418.26,493.73,92.53,426.64,483.97,94.42,45.30
420.08,489.71,92.53,423.65,480.19,93.66,11.34
421.27,485.08,92.75,421.51,478.25,92.59,38.83
421.40,482.35,92.75,424.30,472.35,93.71,22.38
422.19,474.92,92.75,422.22,467.66,92.73,11.32
422.52,466.62,92.75,421.88,455.89,92.41,28.99
422.63,460.94,92.72,422.79,447.88,92.92,9.69
422.84,455.28,92.72,423.39,442.68,93.03,10.06
423.08,450.91,92.72,426.00,439.04,93.98,14.25
423.92,444.76,92.72,422.27,431.35,92.22,18.13
423.71,439.52,92.72,424.34,427.92,93.46,16.38
425.30,411.23,92.72,428.51,383.96,95.13,2.38
343.24,434.61,92.72,310.89,405.10,105.54,56.08
340.45,433.84,94.00,279.66,415.45,98.29,42.48
338.72,433.45,94.00,276.86,414.85,98.88,28.82
337.93,433.10,94.00,337.27,389.87,117.46,96.43
338.71,432.35,94.00,274.96,415.41,99.63,27.54
337.58,432.20,94.00,273.34,415.73,99.34,35.78
336.21,431.84,94.54,275.86,415.00,99.90,36.46
335.01,431.51,94.54,276.36,414.65,100.22,43.55
333.83,431.17,94.54,275.24,415.88,99.17,42.21
332.64,430.86,95.46,275.11,415.47,99.67,43.82
331.46,430.54,95.46,277.63,415.02,99.76,42.76
330.29,431.33,95.46,278.59,415.30,100.08,42.54
328.84,434.48,95.46,282.31,416.53,102.03,43.04
327.57,436.58,96.12,271.88,426.07,98.14,65.02
326.23,437.71,96.12,270.86,429.57,97.62,160.62
326.03,439.18,96.12,269.66,433.57,97.73,143.70
325.86,440.47,96.12,266.43,437.51,95.82,187.23
325.77,441.38,96.12,264.47,439.63,95.95,234.14
325.77,441.32,96.12,264.44,443.16,95.30,241.50
325.81,440.26,96.12,262.98,442.97,94.94,243.14
325.85,440.17,96.12,265.70,441.36,95.59,248.01
325.86,440.18,96.12,262.93,441.40,94.65,225.45
325.83,440.20,96.12,263.64,440.76,94.93,283.52
325.83,440.20,96.12,264.67,440.01,95.33,283.58
325.83,440.20,96.12,262.28,440.69,95.30,262.09
325.83,440.20,96.12,262.23,440.81,95.26,269.22
324.30,440.12,96.12,262.06,440.07,95.45,272.03
323.01,440.02,96.12,264.61,439.22,95.00,259.73
321.35,439.95,96.12,261.05,439.98,94.33,226.19
318.94,439.72,96.12,257.25,440.91,94.00,217.62
314.58,439.16,96.12,254.55,439.58,94.80,166.01
313.42,438.94,96.12,240.81,446.51,92.72,72.52
308.25,438.69,95.44,235.46,446.32,93.59,73.27
301.82,438.34,95.44,229.51,445.03,93.15,76.89
296.13,438.02,95.44,221.23,445.78,93.93,40.75
291.12,437.76,95.14,213.00,445.97,93.58,61.18
287.83,437.72,95.14,209.07,446.85,92.94,40.46
284.57,437.73,95.14,205.35,446.52,93.10,50.18
278.21,437.37,95.14,200.33,446.25,92.33,81.53
275.45,437.38,94.58,195.26,445.87,92.37,102.23
270.36,437.15,94.58,188.95,445.12,92.50,98.96
265.40,437.01,94.58,181.82,446.13,93.47,50.76
262.46,437.12,94.58,180.06,447.05,93.24,38.64
260.93,446.67,94.58,172.20,463.44,90.14,62.48
258.51,450.03,93.69,170.32,473.62,89.61,73.22
256.56,451.91,93.69,171.50,474.35,89.95,93.72
254.70,453.84,93.69,170.54,478.10,91.39,64.46
252.91,455.92,93.69,170.57,481.02,90.94,65.56
251.18,458.06,93.69,170.26,483.91,90.77,69.71
249.18,463.23,93.10,171.28,489.06,89.29,137.26
249.13,465.07,93.10,171.88,496.55,89.46,116.42
247.28,469.21,93.10,170.21,500.91,89.13,124.85
246.83,474.49,93.10,171.86,508.54,88.84,135.97
246.67,476.34,93.10,172.54,515.13,88.99,189.89
246.59,477.87,93.10,172.69,518.47,89.14,176.17
246.48,479.06,93.10,174.32,520.51,88.89,226.40
246.20,483.32,93.10,173.84,525.06,89.36,186.45
245.84,486.75,93.10,176.26,530.73,87.96,269.29
245.56,490.20,93.10,176.81,536.03,88.03,244.74
245.28,493.67,93.10,177.98,542.32,86.93,272.80
245.19,494.83,93.10,180.11,545.11,86.54,338.55
243.07,522.48,93.10,201.60,595.00,76.90,338.16
242.15,532.81,93.10,212.24,616.07,68.22,316.15
242.11,534.02,93.10,212.44,616.45,68.22,316.15
241.99,535.57,93.10,215.83,622.65,65.85,291.34
241.86,536.76,93.10,218.32,626.67,65.22,266.64
241.72,538.68,93.10,216.87,622.96,67.18,242.47
241.61,539.84,93.10,219.80,625.86,67.06,222.80
241.42,542.18,93.10,222.10,628.23,67.00,215.84
241.19,545.21,93.10,225.39,637.29,64.58,184.41
241.09,546.83,93.10,234.66,660.77,56.46,155.80
240.78,551.07,93.10,235.74,651.18,61.33,172.38
240.64,553.38,93.10,228.94,661.36,60.88,151.81
240.04,559.06,93.10,352.82,590.53,44.39,187.71
239.85,560.53,93.10,358.65,577.23,66.84,168.52
239.63,564.04,93.10,361.03,588.93,57.43,162.40
239.51,565.99,93.10,361.21,584.95,66.30,166.35
239.45,566.73,93.10,361.55,592.21,55.06,117.60
241.72,572.13,89.30,362.73,597.44,55.25,128.57
241.70,574.03,89.30,365.76,584.75,79.39,138.12
242.18,569.71,89.30,364.32,589.04,74.33,130.01
242.25,565.95,89.30,365.49,587.60,67.65,131.17
242.22,564.44,89.30,363.05,593.15,55.54,133.62
242.20,562.70,89.30,363.59,589.09,57.91,125.42
242.25,560.84,89.30,363.66,575.87,74.54,144.90
242.29,559.68,89.30,288.49,607.88,71.99,599.29
242.37,557.39,89.30,238.08,679.71,56.49,105.45
242.21,558.24,86.02,357.13,575.38,64.92,155.06
242.18,555.64,86.02,355.55,572.27,65.61,189.20
241.94,550.71,86.02,349.15,577.90,52.15,186.53
241.88,548.74,86.02,233.96,664.39,56.74,125.04
241.71,546.04,86.02,230.12,655.04,60.09,157.37
241.66,543.77,86.02,229.84,639.59,64.01,176.75
241.66,542.69,86.02,225.12,637.05,64.81,161.53
241.56,538.79,86.02,223.80,630.82,65.61,164.23
241.34,534.89,86.02,225.21,636.09,61.06,220.95
241.32,533.75,86.02,235.39,655.11,52.38,234.07
241.32,532.26,86.02,212.05,615.79,68.00,314.34
241.22,529.20,86.02,228.85,646.22,54.25,286.40
241.97,496.46,86.02,183.20,546.32,87.66,356.36
244.14,496.90,86.02,185.30,543.04,88.17,398.66
249.47,497.32,86.02,189.50,544.03,89.16,358.94
250.75,497.28,86.02,191.40,548.29,89.99,288.00
251.85,497.18,86.02,194.67,545.32,91.09,310.63
254.68,496.74,86.02,199.49,548.14,89.85,325.70
258.28,496.55,86.02,204.49,546.54,89.01,402.19
262.40,496.44,86.02,214.64,549.08,88.55,404.21
304.27,494.21,86.02,351.67,534.52,67.70,1523.68
305.41,494.16,86.02,368.89,541.88,54.12,1352.72
307.06,494.05,86.02,374.21,546.79,49.67,1306.36
308.29,493.95,86.02,370.66,538.99,55.04,1369.53
310.26,493.84,86.02,365.62,534.71,60.24,1492.20
311.80,493.78,86.02,374.64,540.97,52.04,1452.32
314.66,493.59,86.02,378.35,538.58,51.21,1394.54
316.58,493.50,86.02,391.12,549.65,36.95,1320.22
318.57,493.41,86.02,385.46,536.81,47.25,1384.87
320.58,493.33,86.02,390.60,539.80,40.73,1305.53
324.93,493.04,86.02,396.59,539.10,36.52,1232.17
329.37,492.81,86.02,420.35,523.76,163.78,818.09
334.39,492.61,86.02,423.12,523.05,160.97,556.96
339.96,492.30,86.02,418.80,528.87,155.08,538.82
346.71,491.94,86.02,424.18,540.24,156.11,584.07
351.97,491.68,86.02,417.61,538.39,144.87,628.10
355.52,492.29,86.02,416.51,539.32,139.68,619.85
354.36,498.91,86.02,415.70,540.32,141.96,923.22
355.57,509.28,86.02,408.06,547.93,157.35,887.43
356.04,518.92,86.02,401.77,542.50,13.48,1353.13
356.70,526.98,86.02,402.31,548.33,53.09,1163.15
357.20,535.09,86.02,400.48,549.35,67.94,907.81
357.15,534.85,86.02,397.30,566.78,75.78,424.33
357.13,534.05,86.02,397.22,563.47,76.09,381.43
357.15,533.57,86.02,396.12,565.74,76.70,465.53
357.11,533.73,86.02,394.92,565.70,73.59,513.31
357.11,533.73,86.02,396.19,561.52,74.74,461.15
357.11,533.73,86.02,396.06,561.40,73.56,482.88
357.11,533.73,86.02,393.96,561.88,75.70,468.09
357.11,533.73,86.02,395.30,560.24,75.20,419.13
357.11,533.73,86.02,395.32,560.15,75.22,445.41
357.11,533.73,86.02,395.58,559.31,75.18,416.79
357.11,533.73,86.02,394.35,560.47,75.85,411.50
357.11,533.73,86.02,394.30,560.47,75.88,453.76
357.11,533.73,86.02,394.15,560.06,76.06,428.57
357.11,533.73,86.02,396.07,560.24,75.32,437.84
357.11,533.73,86.02,396.15,561.01,75.96,449.47
357.11,533.73,86.02,396.03,561.50,74.60,454.41
357.11,533.73,86.02,396.33,560.64,76.04,466.23
357.11,533.73,86.02,394.52,560.57,74.28,437.47
357.11,533.73,86.02,393.92,559.65,75.91,416.84
357.11,533.73,86.02,394.53,559.85,74.79,412.26
357.11,533.73,86.02,397.22,560.97,74.40,442.15
357.11,533.73,86.02,395.32,558.74,74.74,399.51
357.11,533.73,86.02,396.83,562.01,74.72,476.79
357.11,533.73,86.02,396.16,560.76,74.50,447.25
357.11,533.73,86.02,394.42,559.98,75.70,403.07
357.11,533.73,86.02,394.60,558.98,76.03,404.75
357.11,533.73,86.02,395.40,560.33,75.10,434.98
357.11,533.73,86.02,396.26,561.19,75.98,445.53
357.11,533.73,86.02,395.92,561.47,76.11,461.08
357.11,533.73,86.02,394.89,560.70,75.78,446.81
357.11,533.73,86.02,396.68,561.27,74.42,417.93
357.11,533.73,86.02,396.07,561.82,75.85,480.47
357.11,533.73,86.02,395.68,560.45,76.08,454.10
357.11,533.73,86.02,395.17,559.91,76.20,430.24
357.11,533.73,86.02,394.70,561.80,75.33,464.19
357.11,533.73,86.02,394.71,561.14,75.24,429.83
357.11,533.73,86.02,393.81,560.04,76.55,404.51
357.11,533.73,86.02,395.43,560.51,74.98,425.70
357.11,533.73,86.02,395.81,559.83,75.28,426.60
357.11,533.73,86.02,395.29,561.66,75.11,445.88
357.11,533.73,86.02,395.04,561.08,75.40,434.90
357.11,533.73,86.02,394.46,562.16,74.46,452.35
357.11,533.73,86.02,396.20,560.72,76.10,481.83
357.11,533.73,86.02,396.26,560.93,75.97,449.06
357.11,533.73,86.02,395.44,561.79,76.63,478.76
357.11,533.73,86.02,395.05,561.66,74.43,435.03
357.11,533.73,86.02,395.39,560.29,76.15,443.14
357.11,533.73,86.02,394.77,560.42,75.75,448.69
357.11,533.73,86.02,394.79,561.25,74.05,447.35
357.11,533.73,86.02,394.33,560.79,76.84,471.21
357.11,533.73,86.02,393.94,560.14,74.23,420.00
357.11,533.73,86.02,395.72,561.57,73.95,454.18
357.11,533.73,86.02,394.51,560.93,73.79,431.55
357.11,533.73,86.02,396.07,561.23,75.58,481.82
357.11,533.73,86.02,395.11,561.24,76.37,432.26
357.11,533.73,86.02,397.09,562.32,74.54,458.20
357.11,533.73,86.02,395.03,561.88,75.01,475.88
357.11,533.73,86.02,395.94,562.48,75.03,472.16
357.11,533.73,86.02,395.95,561.96,74.06,448.26
357.11,533.73,86.02,396.27,561.88,74.97,455.25
357.11,533.73,86.02,396.05,561.30,75.56,423.91
357.11,533.73,86.02,394.55,559.85,75.77,420.01
357.11,533.73,86.02,394.96,561.38,75.19,446.26
357.11,533.73,86.02,394.49,560.05,75.70,418.20
357.11,533.73,86.02,396.66,560.38,75.60,419.82
357.11,533.73,86.02,394.62,559.77,75.82,432.26
357.11,533.73,86.02,395.35,561.19,75.67,440.24
357.11,533.73,86.02,395.14,558.20,76.02,408.47
357.11,533.73,86.02,395.75,561.07,74.76,429.96
357.11,533.73,86.02,396.51,561.04,74.63,430.04
357.11,533.73,86.02,396.19,559.65,74.18,407.20
357.11,533.73,86.02,396.29,561.08,74.61,456.94
357.11,533.73,86.02,395.12,561.51,75.03,443.73
358.11,533.82,86.02,395.54,560.24,74.57,420.00
368.33,533.71,86.02,405.73,558.79,74.62,432.44
369.89,533.78,86.02,407.46,557.88,96.07,565.51
373.06,533.45,86.02,411.71,560.82,101.83,606.52
380.08,533.15,86.02,419.65,564.90,108.25,603.90
378.37,533.26,86.02,416.17,565.13,119.62,466.96
378.58,533.30,86.02,410.33,558.96,118.56,370.53
378.57,533.31,86.02,410.44,558.22,118.38,365.83
378.57,533.31,86.02,407.55,557.05,119.72,369.90
378.57,533.31,86.02,405.92,558.07,120.23,396.00
378.57,533.31,86.02,406.29,555.17,120.64,336.71
378.57,533.31,86.02,408.28,555.74,119.71,377.28
378.57,533.31,86.02,405.32,555.32,120.06,391.73
378.58,533.30,86.02,408.06,555.73,119.96,422.60
378.58,533.30,86.02,405.86,554.19,120.37,372.34
378.58,533.30,86.02,406.26,554.44,120.36,410.42
378.58,533.30,86.02,405.15,554.32,120.58,364.49
378.58,533.30,86.02,407.09,556.98,119.96,418.79
378.58,533.30,86.02,405.94,558.02,120.00,461.75
378.58,533.30,86.02,407.30,558.07,120.56,479.42
378.58,533.30,86.02,411.92,558.94,119.75,469.56
378.58,533.30,86.02,406.86,560.23,119.12,484.07
378.58,533.30,86.02,408.15,558.07,119.40,450.24
-0.00,0.00,90.00,124.19,79.84,74.80,851.31
-0.00,0.00,90.00,118.39,78.72,78.20,830.63
400.00,600.00,90.00,704.29,418.78,61.10,997.93
400.00,600.00,90.00,415.65,535.88,146.71,1540.36
400.00,600.00,90.00,416.09,535.23,146.50,1536.00
400.00,600.00,90.00,415.45,535.85,153.71,1496.67
400.00,600.00,90.00,415.61,533.72,152.18,1417.61
400.00,600.00,90.00,414.55,532.85,141.72,1488.25
400.00,600.00,90.00,414.14,532.96,150.48,1482.43
400.00,600.00,90.00,416.17,537.05,152.69,1461.35
400.00,600.00,90.00,415.93,534.97,151.39,1509.56
400.00,600.00,90.00,416.01,533.85,148.84,1509.29
400.00,600.00,90.00,412.99,531.19,134.76,1529.82
400.00,600.00,90.00,415.05,533.06,148.88,1516.30
400.00,600.00,90.00,414.41,532.75,138.53,1521.31
400.00,600.00,90.00,411.51,530.55,134.75,1540.18
400.00,600.00,90.00,416.00,533.16,160.20,1362.89
400.00,600.00,90.00,414.49,533.24,142.16,1516.37
400.00,600.00,90.00,414.28,530.60,143.07,1473.43
400.00,600.00,90.00,415.87,535.45,158.18,1453.56
400.00,600.00,90.00,415.77,534.69,141.97,1488.93
400.00,600.00,90.00,415.08,534.86,145.47,1532.17
400.00,600.00,90.00,416.08,533.67,146.72,1466.15
400.00,600.00,90.00,417.50,528.33,136.09,1481.70
400.00,600.00,90.00,416.92,525.41,125.64,1509.16
400.00,600.00,90.00,416.60,522.31,128.93,1468.23
400.00,600.00,90.00,418.88,523.42,125.75,1517.04
400.00,600.00,90.00,419.04,524.71,134.86,1515.16
400.00,600.00,90.00,414.13,521.82,123.92,1500.77
400.00,600.00,90.00,415.22,521.34,129.42,1449.10
400.00,600.00,90.00,410.53,524.55,108.67,1516.91
400.00,600.00,90.00,414.26,524.09,131.59,1416.90
400.00,600.00,90.00,413.29,522.94,132.87,1382.78
400.00,600.00,90.00,416.22,526.33,137.43,1390.32
400.00,600.00,90.00,418.40,532.19,143.79,1494.66
400.00,600.00,90.00,414.68,528.10,135.26,1462.21
400.00,600.00,90.00,416.21,528.46,143.62,1419.57
400.00,600.00,90.00,415.15,528.78,130.95,1523.03
400.00,600.00,90.00,415.95,531.64,136.72,1495.41
400.00,600.00,90.00,415.28,533.52,136.42,1526.85
400.00,600.00,90.00,414.97,531.76,137.85,1555.61
400.00,600.00,90.00,416.57,526.60,147.98,1349.75
399.98,600.00,90.00,415.07,532.37,136.33,1528.38
399.97,600.01,90.00,416.36,530.20,148.54,1379.68
399.97,600.01,90.00,416.03,531.32,140.09,1452.66
399.97,600.01,90.00,415.70,534.59,138.24,1577.15
399.97,600.01,90.00,416.85,535.98,140.92,1532.23
399.97,600.01,90.00,415.44,528.91,132.27,1445.75
399.97,600.01,90.00,416.37,531.03,132.23,1492.57
399.97,600.01,90.00,415.71,530.03,136.22,1410.52
400.19,590.49,90.00,422.65,525.21,136.56,1470.31
400.09,587.07,90.00,416.97,525.78,119.31,1390.93
400.25,583.74,90.00,404.90,529.59,93.56,1108.84
400.30,582.44,90.00,403.47,527.41,94.95,1100.67
400.35,576.94,90.00,409.95,527.45,102.24,801.30
400.37,575.49,90.00,408.20,531.56,93.95,390.42
400.39,573.23,90.00,409.54,525.15,95.80,478.81
400.37,571.99,90.00,410.93,524.13,95.83,418.57
400.42,571.97,90.00,412.29,524.85,95.99,256.97
400.40,573.20,90.00,414.92,527.19,97.46,130.66
400.37,573.36,90.00,412.16,522.42,95.20,270.16
400.37,573.27,90.00,413.77,525.26,96.57,215.31
400.37,573.19,90.00,414.74,525.54,97.52,236.20
400.36,573.18,90.00,415.17,525.79,97.20,213.34
400.36,573.18,90.00,414.02,526.46,96.12,210.15
400.36,573.18,90.00,412.88,526.08,95.52,192.23
400.36,573.18,90.00,415.96,526.94,97.72,172.80
400.36,573.18,90.00,413.62,526.07,96.24,200.91
400.36,573.18,90.00,412.76,527.31,95.53,129.63
400.36,573.18,90.00,413.39,526.31,96.06,182.39
400.36,573.18,90.00,414.21,526.46,96.71,193.42
400.36,573.18,90.00,414.35,527.70,96.37,139.63
400.36,573.18,90.00,414.66,528.51,96.75,111.75
400.65,572.29,90.68,413.75,526.93,96.75,132.70
400.65,572.29,90.68,410.72,526.58,93.61,186.12
400.65,572.29,90.68,415.89,527.93,97.65,159.74
400.65,572.29,90.68,415.51,521.63,95.16,225.98
400.64,569.81,90.68,414.80,524.22,96.66,151.56
400.91,561.82,90.68,409.69,518.24,93.72,145.05
401.05,561.33,90.68,418.10,509.17,97.73,170.27
401.01,561.32,90.68,419.03,505.99,97.71,153.24
401.01,561.32,90.68,420.57,508.27,98.69,79.00
401.40,560.26,91.48,418.51,507.80,97.30,93.26
401.74,559.21,91.48,419.51,506.60,97.69,90.96
402.10,558.13,91.48,418.97,506.89,97.59,119.40
402.81,557.14,92.09,419.20,507.00,97.52,102.66
410.70,556.99,92.09,426.40,509.27,97.81,70.30
412.64,556.12,92.09,426.54,509.47,96.10,69.20
416.69,555.51,92.89,433.93,510.12,96.18,60.04
418.65,554.62,92.89,438.45,508.03,93.83,146.45
418.37,554.50,92.89,442.72,507.65,94.54,150.05
418.33,554.54,92.89,446.10,507.87,94.60,141.84
418.78,548.12,92.89,443.28,500.96,92.97,145.64
418.93,546.12,92.89,447.42,496.89,95.31,119.93
419.73,539.29,93.37,445.99,490.72,94.63,63.16
420.54,536.12,93.37,445.39,482.35,93.95,46.15
421.27,531.27,93.37,446.05,478.81,94.61,34.52
421.90,528.29,93.62,447.53,471.64,95.03,41.24
422.55,523.87,93.62,449.10,466.49,95.45,36.67
423.22,518.04,93.62,446.44,455.81,94.47,95.06
423.97,512.84,93.71,446.24,448.31,94.83,53.11
424.78,507.94,93.71,443.60,442.23,93.52,43.35
425.29,505.42,93.71,445.15,435.01,93.82,28.89
425.76,502.90,93.71,444.05,434.81,93.78,30.35
426.24,498.46,93.71,449.01,430.15,94.70,27.13
434.36,472.73,93.71,409.88,492.31,79.80,603.89
470.71,492.45,93.71,403.75,702.99,125.97,68.66
468.11,496.45,96.93,395.42,699.68,132.51,53.07
463.41,495.74,96.93,398.33,699.40,131.77,77.44
458.94,499.37,96.93,395.56,694.80,129.90,73.94
453.60,502.73,96.93,397.53,691.70,127.34,87.98
448.09,505.61,99.97,387.66,689.11,135.65,106.06
392.72,514.60,99.97,399.73,430.72,99.69,10.24
392.62,514.53,99.94,400.29,433.69,100.07,10.91
392.65,514.08,99.94,399.13,434.58,99.71,6.70
392.31,515.82,99.94,396.28,441.22,99.14,8.08
392.22,515.12,99.94,398.88,445.36,100.47,39.02
391.66,517.46,99.94,397.31,452.32,100.26,14.38
391.55,517.41,99.98,397.11,454.92,99.59,7.22
390.72,520.42,99.98,398.95,461.92,100.28,15.58
390.22,522.67,99.98,395.86,470.07,100.37,40.23
389.52,527.04,99.98,394.07,479.01,99.29,23.07
385.35,528.18,99.91,395.52,484.33,102.27,79.64
384.52,526.99,99.91,387.72,492.70,100.85,43.20
383.63,519.40,99.91,386.97,491.36,101.76,93.49
381.91,513.17,99.91,384.06,490.62,101.62,113.16
380.83,508.33,100.25,383.02,488.96,102.68,108.10
378.92,504.08,100.25,380.68,488.19,103.00,145.79
376.83,503.80,100.25,376.75,486.59,104.18,187.06
374.53,503.45,100.25,371.61,486.26,103.64,187.83
372.43,503.04,100.25,371.26,487.32,103.00,167.00
366.94,501.77,100.25,363.99,484.24,104.32,176.44
361.44,500.71,100.25,352.16,484.17,103.17,176.62
359.05,500.23,100.25,346.64,481.80,103.63,307.39
352.91,499.02,100.25,332.90,480.47,103.11,335.53
347.16,497.88,100.25,321.33,477.86,101.75,495.93
343.99,497.27,100.25,315.80,477.62,101.80,422.26
339.37,496.37,100.25,310.08,476.50,102.48,422.18
335.47,495.60,100.25,303.07,474.01,102.08,617.66
329.94,494.43,100.25,288.04,473.73,100.87,589.56
326.01,493.66,100.25,273.60,474.10,99.29,446.18
321.88,492.79,100.25,271.87,474.86,100.17,287.94
317.47,491.90,100.25,256.71,475.49,99.65,226.94
313.28,491.08,100.25,248.88,474.26,98.97,276.56
310.20,490.47,100.25,239.53,472.93,98.16,352.95
304.70,489.33,100.25,230.60,471.90,98.18,232.45
302.32,488.87,100.25,221.27,474.23,98.34,100.36
297.63,488.00,99.87,214.37,473.91,98.27,100.47
291.26,486.78,99.87,208.50,473.53,98.51,79.74
284.36,485.59,99.87,197.59,473.32,99.14,45.08
280.63,484.93,99.80,191.26,471.13,98.24,64.74
276.49,484.19,99.80,189.00,471.01,98.37,62.50
272.29,483.48,99.80,184.91,470.72,98.31,62.08
267.65,482.71,99.80,182.14,471.11,96.82,98.16
263.54,482.06,99.80,176.86,469.51,97.66,85.06
259.87,481.39,99.37,172.50,469.53,98.35,41.26
256.53,480.89,99.37,171.58,470.43,96.90,58.73
252.15,480.18,99.37,166.80,468.45,96.89,77.23
247.93,479.48,99.37,159.14,468.07,97.61,49.00
244.06,478.87,99.37,158.96,468.93,96.99,50.13
240.32,478.33,98.89,155.74,469.14,97.35,43.73
247.41,479.82,98.89,154.62,469.87,97.30,43.81
249.82,480.28,98.89,164.44,472.75,97.55,62.34
250.03,480.54,98.62,166.19,470.58,98.31,45.66
250.44,480.63,98.62,169.69,470.97,97.80,54.71
250.61,480.73,98.62,170.83,471.67,99.11,38.24
252.30,481.16,98.62,174.22,473.10,98.15,38.61
252.84,481.32,98.62,182.06,473.43,96.87,107.50
256.22,482.00,98.27,188.69,472.62,97.78,102.13
258.72,482.48,98.27,194.91,473.01,99.45,56.89
259.92,482.71,98.27,199.93,474.16,98.79,78.21
259.95,482.69,98.33,203.97,474.12,99.59,66.63
258.14,482.44,98.33,207.60,474.31,98.52,58.24
256.81,482.19,98.33,207.42,474.33,98.52,61.50
255.81,482.00,98.33,205.60,474.48,99.04,58.91
254.90,481.89,98.40,204.57,474.53,100.05,42.96
253.86,481.75,98.40,205.04,474.07,99.06,72.28
252.87,481.59,98.40,204.89,474.25,98.92,72.53
251.91,481.44,98.45,205.04,474.12,99.28,71.87
250.97,481.30,98.45,204.87,473.79,99.20,71.92
250.03,481.14,98.45,205.36,473.94,99.20,73.04
249.14,481.00,98.45,205.48,474.00,99.23,71.57
248.24,480.86,98.53,205.48,473.69,99.28,70.68
247.37,480.71,98.53,204.59,473.78,99.22,71.95
246.50,480.57,98.53,205.89,473.95,99.23,69.11
245.69,480.44,98.53,205.71,473.93,99.17,71.38
244.89,480.31,98.53,204.94,473.85,99.27,72.23
244.09,480.18,98.60,204.36,473.92,99.15,71.15
243.28,480.05,98.60,205.29,474.03,99.05,71.85
235.68,478.84,98.60,205.90,474.04,99.24,68.23
229.72,477.88,98.67,205.55,474.05,99.07,73.27
224.89,477.12,98.67,204.99,474.15,99.17,71.38
219.94,476.37,98.67,204.99,474.66,99.77,38.45
216.95,476.03,98.67,205.95,473.14,98.28,111.80
214.15,475.38,98.63,202.04,473.48,99.14,70.47
211.17,474.87,98.63,204.97,474.02,99.01,69.71
209.93,474.70,98.63,205.37,473.94,99.22,71.22
209.81,474.68,98.63,205.19,473.91,99.13,71.42
209.72,474.67,98.68,205.04,474.03,99.31,70.63
209.63,474.65,98.68,205.54,473.87,99.26,73.44
209.55,474.64,98.68,204.72,474.01,99.17,72.37
209.45,474.63,98.68,205.01,474.17,99.17,70.74
209.36,474.62,98.73,205.25,473.91,99.41,70.52
209.28,474.60,98.73,205.51,474.23,99.04,71.53
209.20,474.60,98.73,204.85,474.10,99.23,72.48
209.12,474.59,98.73,205.53,473.76,99.29,72.53
209.04,474.57,98.78,205.86,473.80,99.43,68.92
208.98,474.55,98.78,205.00,474.12,99.26,72.65
208.77,475.27,98.78,205.24,474.66,99.18,74.50
208.57,477.12,98.82,205.44,476.03,98.93,65.74
207.73,484.50,98.82,205.11,483.24,98.23,94.08
206.95,489.10,98.82,205.78,496.04,98.67,170.56
206.38,492.83,98.82,205.83,502.49,100.08,131.54
206.06,494.84,98.82,203.55,508.76,99.25,145.47
205.69,497.09,98.82,203.78,512.30,99.36,166.87
205.25,499.58,98.82,224.91,481.19,115.82,185.91
204.62,504.59,98.82,204.00,521.22,98.81,235.30
204.49,505.80,98.82,203.25,528.21,98.20,251.43
204.32,506.94,98.82,203.12,528.60,97.84,267.82
203.70,510.65,98.82,202.86,534.21,97.72,253.72
203.49,511.78,98.82,202.59,537.96,97.17,251.06
202.87,515.56,98.82,202.94,542.03,96.93,294.12
202.71,516.73,98.82,203.59,545.26,95.29,300.03
202.50,517.91,98.82,203.59,546.50,95.48,320.67
201.96,521.29,98.82,203.59,549.95,95.06,324.78
201.47,524.65,98.82,205.61,555.26,92.99,345.42
201.24,525.72,98.82,204.39,557.50,92.98,265.07
201.11,526.47,98.82,206.17,560.10,91.88,250.98
200.98,527.21,98.82,206.14,560.08,91.88,250.98
200.83,528.35,98.82,207.34,559.46,91.83,313.58
200.63,529.86,98.82,210.56,563.79,88.58,282.66
200.61,529.90,98.82,208.48,567.62,90.34,270.96
200.65,529.49,98.82,210.03,565.87,88.65,278.15
200.88,528.33,98.82,208.61,564.51,88.98,266.30
200.83,528.24,98.82,207.87,566.67,90.15,242.90
200.84,528.32,98.82,209.97,564.59,87.80,297.38
200.83,528.31,98.82,209.90,564.52,87.81,297.20
200.83,528.31,98.82,209.57,563.32,89.17,283.60
200.83,528.31,98.82,208.84,563.61,89.49,320.38
200.84,528.32,98.82,209.52,563.59,88.82,283.26
200.84,528.32,98.82,209.97,563.86,88.53,290.48
200.84,528.32,98.82,209.97,563.86,88.53,290.48
200.84,528.32,98.82,210.26,563.92,88.65,295.76
200.84,528.32,98.82,208.36,562.49,90.15,320.67
200.84,528.32,98.82,208.84,562.74,89.98,279.42
200.84,528.32,98.82,208.38,562.96,90.14,314.90
200.84,528.32,98.82,209.39,563.98,88.81,314.53
200.84,528.32,98.82,210.17,563.90,88.36,304.58
200.84,528.32,98.82,209.86,562.94,89.23,307.14
200.84,528.32,98.82,210.37,563.18,89.12,295.25
200.84,528.32,98.82,209.13,563.79,89.78,313.37
200.84,528.32,98.82,209.63,563.03,89.30,301.36
200.84,528.32,98.82,208.88,563.76,89.45,264.25
200.84,528.32,98.82,208.88,563.76,89.45,264.25
200.84,528.32,98.82,210.19,564.65,88.07,296.36
200.84,528.32,98.82,209.62,563.85,88.61,289.39
200.84,528.32,98.82,209.64,563.40,88.82,293.18
200.84,528.32,98.82,209.46,563.45,88.92,294.30
200.84,528.32,98.82,209.52,563.66,88.80,284.35
200.84,528.32,98.82,210.17,563.89,88.34,303.54
200.84,528.32,98.82,210.17,563.89,88.34,303.54
200.84,528.32,98.82,208.81,563.17,89.70,313.04
200.84,528.32,98.82,208.82,563.70,89.46,296.58
200.84,528.32,98.82,207.93,566.09,89.83,284.99
200.84,528.32,98.82,209.82,563.56,88.68,299.69
200.84,528.32,98.82,209.82,563.56,88.68,299.69
200.84,528.32,98.82,208.94,562.84,89.82,320.81
200.84,528.32,98.82,209.54,563.30,88.97,289.85
200.84,528.32,98.82,209.56,563.62,89.05,281.66
200.84,528.32,98.82,209.70,562.60,89.46,307.23
200.84,528.32,98.82,208.93,564.00,89.28,310.11
200.84,528.32,98.82,208.27,562.52,90.15,312.04
200.84,528.32,98.82,209.67,563.52,89.04,292.13
200.84,528.32,98.82,209.60,563.28,88.94,278.46
200.84,528.32,98.82,209.69,563.46,88.79,302.96
200.84,528.32,98.82,209.54,562.71,89.21,292.91
200.84,528.32,98.82,209.54,562.71,89.21,292.91
200.84,528.32,98.82,208.20,563.74,89.94,302.07
200.84,528.32,98.82,208.20,563.74,89.94,302.07
200.84,528.32,98.82,208.08,565.32,90.05,284.23
200.84,528.32,98.82,208.86,563.65,89.46,318.43
200.84,528.32,98.82,208.83,563.84,89.41,264.76
200.84,528.32,98.82,210.01,564.83,89.43,275.13
200.84,528.32,98.82,208.00,564.66,90.19,285.03
200.84,528.32,98.82,208.80,563.18,89.72,327.14
200.84,528.32,98.82,209.96,564.19,88.36,291.13
200.84,528.32,98.82,210.48,564.75,88.54,297.15
200.84,528.32,98.82,209.53,563.14,89.02,284.32
200.84,528.32,98.82,209.53,563.14,89.02,284.32
200.84,528.32,98.82,207.31,563.43,90.72,291.67
200.84,528.32,98.82,209.49,563.01,89.05,298.65
200.84,528.32,98.82,209.67,563.88,88.59,295.42
200.84,528.32,98.82,209.53,563.65,88.81,289.48
200.84,528.32,98.82,209.66,563.54,88.73,305.69
200.84,528.32,98.82,208.88,563.95,89.33,265.43
200.84,528.32,98.82,209.62,563.78,88.94,290.26
200.84,528.32,98.82,208.81,563.28,89.67,321.50
200.84,528.32,98.82,209.53,563.45,88.86,291.23
200.84,528.32,98.82,209.64,563.44,88.82,295.80
200.84,528.32,98.82,209.64,563.44,88.82,295.80
200.84,528.32,98.82,208.80,563.34,89.65,317.72
200.84,528.32,98.82,209.67,564.28,88.73,281.46
200.84,528.32,98.82,208.86,563.89,89.41,269.57
200.84,528.32,98.82,209.23,561.72,90.01,313.62
200.84,528.32,98.82,208.27,563.02,89.90,320.76
200.84,528.32,98.82,209.60,564.36,89.45,303.52
200.84,528.32,98.82,208.26,562.66,90.01,331.92
200.84,528.32,98.82,208.26,562.66,90.01,331.92
200.84,528.32,98.82,208.89,563.76,89.37,324.80
200.84,528.32,98.82,209.09,563.67,89.86,318.70
200.84,528.32,98.82,208.78,563.45,89.65,262.15
200.84,528.32,98.82,208.38,562.90,90.19,311.39
200.84,528.32,98.82,208.38,562.90,90.19,311.39
200.84,528.32,98.82,209.89,563.83,88.55,313.16
200.84,528.32,98.82,209.47,563.12,89.00,288.56
200.84,528.32,98.82,208.92,563.78,89.43,297.02
200.84,528.32,98.82,209.83,563.93,88.59,275.97
200.84,528.32,98.82,208.13,565.90,90.08,280.03
200.84,528.32,98.82,208.81,563.28,89.67,307.43
200.84,528.32,98.82,209.66,563.84,88.62,289.61
200.84,528.32,98.82,210.15,563.97,88.34,298.71
200.84,528.32,98.82,209.74,564.09,88.52,289.50
200.84,528.32,98.82,208.79,564.32,89.16,299.05
200.84,528.32,98.82,208.96,562.60,90.20,320.18
200.84,528.32,98.82,210.53,564.89,88.45,306.26
200.84,528.32,98.82,209.53,562.56,89.30,283.71
200.84,528.32,98.82,209.71,563.91,88.59,295.21
200.84,528.32,98.82,209.77,564.01,88.53,292.25
200.84,528.32,98.82,208.85,563.86,89.39,255.58
200.84,528.32,98.82,210.15,563.89,88.31,307.89
200.84,528.32,98.82,209.56,564.79,89.05,269.30
200.84,528.32,98.82,209.64,563.79,88.65,295.84
200.84,528.32,98.82,209.67,563.85,88.65,288.41
200.84,528.32,98.82,209.84,563.77,88.56,299.83
200.84,528.32,98.82,208.28,562.69,90.08,321.37
200.84,528.32,98.82,208.87,563.65,89.45,319.66
200.84,528.32,98.82,208.80,563.08,89.81,278.86
200.84,528.32,98.82,209.75,563.32,89.15,303.48
200.84,528.32,98.82,209.76,564.08,88.77,287.42
200.84,528.32,98.82,209.52,562.88,89.40,295.80
200.84,528.32,98.82,209.72,562.81,89.36,298.36
200.84,528.32,98.82,210.07,564.23,88.28,300.56
200.86,528.35,98.82,209.87,563.72,88.59,300.75
201.08,528.46,98.82,208.23,565.83,89.96,275.32
201.59,528.68,98.82,210.15,563.65,88.71,293.62
202.47,529.06,98.82,211.04,564.44,88.36,301.96
203.35,529.38,98.82,210.82,563.67,88.88,285.43
208.61,530.63,98.82,217.55,564.16,87.90,344.46
222.82,501.46,98.82,258.78,524.72,95.38,766.79
223.13,499.90,98.82,253.79,521.89,95.91,759.00
223.76,496.58,98.82,248.77,520.62,97.99,502.56
224.59,492.05,98.82,256.15,510.51,97.96,644.95
224.97,490.11,98.82,241.20,503.70,98.55,500.55
225.43,487.10,98.82,246.82,502.12,99.22,384.06
226.22,482.48,98.82,243.81,492.55,100.18,364.42
226.97,476.95,98.82,242.40,483.81,99.75,449.70
226.94,477.00,98.82,243.26,477.49,101.59,205.81
226.91,477.60,98.82,241.98,475.33,100.89,264.67
226.85,478.06,98.82,241.82,475.48,100.68,270.94
226.87,478.17,98.82,242.20,475.60,101.30,264.43
226.88,478.18,98.82,243.34,478.20,101.67,207.71
226.88,478.18,98.82,242.38,478.12,101.54,205.53
226.88,478.18,98.82,242.47,478.17,101.70,209.96
226.88,478.18,98.82,243.27,477.94,101.47,215.06
226.88,478.18,98.82,243.32,477.96,101.51,218.33
226.88,478.18,98.82,242.42,478.06,101.56,211.04
226.87,478.17,98.82,243.06,477.17,101.36,240.69
226.87,478.17,98.82,242.53,478.09,101.62,213.65
226.87,478.17,98.82,242.18,478.07,101.49,207.65
226.87,478.17,98.82,242.55,478.02,101.60,215.65
226.87,478.17,98.82,242.27,478.04,101.51,211.03
226.87,478.17,98.82,242.39,478.09,101.63,212.06
226.87,478.17,98.82,229.97,478.30,100.33,254.89
226.87,478.17,98.82,242.19,478.11,101.42,211.64
226.87,478.17,98.82,242.53,478.05,101.62,213.66
226.87,478.17,98.82,242.46,478.11,101.55,209.21
226.87,478.17,98.82,244.09,478.04,101.51,209.35
226.87,478.17,98.82,242.17,478.11,101.41,211.77
226.87,478.17,98.82,242.20,478.13,101.49,203.70
226.87,478.17,98.82,242.40,478.17,101.53,209.45
226.87,478.17,98.82,242.18,478.13,101.49,210.99
226.87,478.17,98.82,242.23,478.09,101.44,211.64
226.87,478.17,98.82,243.52,477.97,101.58,209.47
226.87,478.17,98.82,242.03,478.19,101.45,213.40
226.87,478.17,98.82,243.33,478.05,101.54,205.58
226.87,478.17,98.82,242.05,478.08,101.40,214.93
226.87,478.17,98.82,243.73,477.98,101.35,216.31
226.87,478.17,98.82,242.58,478.13,101.65,210.76
226.87,478.17,98.82,244.41,477.94,101.59,209.14
226.87,478.17,98.82,242.33,478.07,101.49,211.79
226.87,478.17,98.82,242.09,478.11,101.47,208.55
226.87,478.17,98.82,242.27,478.11,101.46,210.28
226.87,478.17,98.82,242.11,477.74,101.40,228.57
226.87,478.17,98.82,244.21,477.98,101.53,215.39
226.87,478.17,98.82,243.09,477.13,101.38,240.02
226.87,478.17,98.82,242.47,478.11,101.56,214.08
226.87,478.17,98.82,242.21,478.10,101.44,213.45
226.87,478.17,98.82,242.27,478.00,101.51,217.09
226.87,478.17,98.82,242.35,478.03,101.50,209.55
226.87,478.17,98.82,242.40,478.16,101.63,215.71
226.87,478.17,98.82,242.39,478.15,101.63,218.76
226.99,478.18,98.82,243.58,477.96,101.57,217.04
227.96,478.30,98.82,243.62,477.60,101.26,243.83
229.16,478.55,98.82,243.03,477.82,101.44,254.42
232.00,479.19,98.82,249.15,477.34,100.83,330.21
235.38,479.68,98.82,251.64,480.02,101.13,284.40
239.30,480.46,98.82,259.53,479.59,102.15,405.31
243.71,481.15,98.82,270.23,479.72,101.46,457.58
248.64,482.06,98.82,276.21,482.85,102.33,300.34
253.51,482.91,98.82,271.65,483.12,102.98,392.09
258.77,483.78,98.82,282.18,480.36,103.26,592.19
262.06,484.35,98.82,295.71,483.12,103.61,547.55
267.77,485.41,98.82,318.49,485.58,104.77,452.82
274.68,486.58,98.82,331.29,488.37,104.43,351.99
278.94,487.34,98.82,342.67,489.43,105.51,330.96
282.94,488.11,98.82,343.30,492.10,104.67,227.18
285.58,488.49,98.82,357.00,494.24,105.46,177.31
284.15,488.28,98.82,360.36,493.22,104.65,177.48
284.12,488.21,98.82,362.80,492.52,105.75,239.14
284.26,488.22,98.82,358.31,493.00,104.97,216.53
284.25,488.23,98.82,357.01,492.30,105.37,250.68
284.24,488.22,98.82,357.35,492.94,105.07,218.35
284.24,488.22,98.82,357.46,493.45,104.77,187.94
284.24,488.22,98.82,359.20,493.09,105.12,215.54
284.24,488.22,98.82,359.19,493.10,105.11,215.67
284.24,488.22,98.82,358.96,493.49,104.84,184.78
284.24,488.22,98.82,359.33,493.85,104.63,171.47
284.24,488.22,98.82,358.93,493.59,104.94,186.75
284.24,488.22,98.82,359.49,493.56,104.71,206.19
284.24,488.22,98.82,359.17,493.12,105.09,212.78
284.24,488.22,98.82,359.02,493.11,105.13,217.01
284.24,488.22,98.82,357.91,493.43,104.81,185.18
284.24,488.20,98.82,358.98,492.82,105.34,227.19
284.90,485.48,98.82,359.62,491.46,104.90,185.98
285.97,479.76,98.82,363.05,485.12,105.48,219.43
286.39,476.40,98.82,364.33,478.65,105.04,148.30
286.74,474.30,98.82,365.61,470.97,105.84,122.00
287.48,470.17,98.82,371.77,463.95,106.30,114.37
289.98,465.61,99.57,368.34,457.99,104.85,81.10
292.03,463.24,99.57,374.42,452.18,106.73,81.67
294.34,459.52,99.57,376.84,445.76,105.93,48.96
296.57,456.41,100.21,383.37,438.71,108.03,59.32
295.95,462.79,100.21,385.04,438.87,110.77,85.66
297.25,464.62,101.26,381.02,446.50,109.15,61.28
298.40,466.52,101.26,384.70,448.25,110.54,80.40
299.59,468.51,101.26,378.89,454.75,108.76,97.81
300.84,470.10,101.26,372.10,457.38,107.50,100.78
301.92,472.12,101.26,372.42,461.44,107.95,132.49
301.28,476.00,101.26,366.35,467.34,105.97,102.34
302.63,475.38,102.20,367.83,473.38,107.28,155.32
302.69,474.39,102.20,368.47,472.62,108.62,189.89
302.68,474.52,102.20,369.67,472.45,107.92,141.68
302.69,474.52,102.20,367.36,472.19,107.26,148.64
302.69,474.52,102.20,367.74,472.32,107.33,146.20
302.69,474.52,102.20,367.19,472.08,107.31,148.99
302.69,474.52,102.20,367.87,472.26,107.97,143.65
302.69,474.52,102.20,367.19,472.14,107.18,149.32
301.88,474.43,102.20,367.05,471.32,108.14,192.23
300.76,474.17,102.20,366.53,470.18,103.89,154.50
300.18,474.01,102.20,356.13,466.94,92.03,137.64
299.46,473.89,102.20,354.88,466.76,88.76,133.91
298.55,473.69,102.20,351.41,465.87,82.89,167.62
297.41,473.39,102.20,346.64,466.15,74.33,147.78
296.28,473.25,102.20,342.69,463.29,65.76,250.27
295.13,472.98,102.20,259.22,467.43,51.99,458.24
294.06,472.84,102.20,330.81,464.96,48.16,269.83
292.91,472.56,102.20,334.27,468.35,38.24,152.37
291.53,472.22,102.20,332.76,468.67,29.99,162.99
290.55,471.86,102.20,326.49,474.46,17.15,131.34
289.78,471.71,102.20,434.73,610.76,186.77,684.39
288.69,471.46,102.20,432.68,605.99,181.60,526.62
288.48,471.43,102.20,436.78,602.34,169.27,488.01
288.49,471.40,102.20,437.29,604.04,166.95,531.92
288.52,471.42,102.20,444.15,596.52,162.06,421.78
288.52,471.42,102.20,442.13,600.18,164.64,475.15
288.52,471.42,102.20,448.14,598.83,164.03,468.67
288.52,471.42,102.20,448.78,594.76,161.91,424.58
288.52,471.42,102.20,449.29,597.10,163.04,445.05
288.52,471.42,102.20,450.64,594.45,161.21,439.02
289.22,471.54,102.20,445.24,598.82,163.83,481.78
289.89,471.70,102.20,451.19,595.21,162.39,457.19
291.06,472.07,102.20,445.82,630.18,198.19,380.18
292.13,472.42,102.20,442.32,632.98,208.85,445.20
293.24,472.70,102.20,333.13,465.39,20.79,219.98
294.38,472.89,102.20,335.45,465.54,27.47,183.57
295.36,473.10,102.20,331.97,468.81,34.56,95.80
303.97,472.32,95.44,339.22,458.65,35.85,169.68
304.90,472.38,95.44,341.33,465.41,52.47,164.13
306.06,472.44,95.44,341.84,465.67,57.96,158.58
306.73,472.55,95.44,345.27,466.94,67.44,83.20
314.98,471.49,92.64,349.05,465.67,73.82,164.30
315.59,471.48,92.64,351.10,464.96,76.59,220.25
316.19,471.50,92.64,350.18,467.23,80.85,97.19
323.70,470.79,92.64,354.17,468.16,86.98,118.90
331.72,470.09,92.07,361.07,467.17,92.55,164.70
332.80,470.12,92.07,357.85,468.43,94.00,141.83
333.89,470.18,92.07,364.46,472.17,104.64,131.79
334.08,470.18,92.07,357.21,502.73,95.76,3.09
339.10,476.70,92.81,371.01,474.30,114.48,166.96
339.46,476.73,92.81,371.48,475.74,118.69,177.88
340.15,476.74,92.81,371.25,477.54,121.08,123.39
341.26,476.90,92.81,370.00,480.51,124.17,56.31
348.33,477.78,95.95,370.85,481.94,133.57,97.76
354.03,478.72,95.95,372.98,484.43,142.17,93.67
358.38,479.95,95.95,375.76,487.28,148.36,65.54
363.87,481.94,101.19,377.21,487.89,150.78,88.52
366.77,483.17,101.19,380.29,491.45,160.39,99.34
369.50,484.81,107.11,380.22,490.59,162.60,132.08
369.48,484.81,107.11,380.38,490.41,162.67,135.85
369.48,484.81,107.11,383.12,489.89,164.14,153.29
369.48,484.81,107.11,381.02,490.93,162.86,109.11
371.79,486.04,112.68,383.18,490.49,163.66,137.47
371.79,486.04,112.68,378.29,491.06,161.46,99.69
373.09,487.04,112.68,380.58,490.76,162.67,115.67
374.85,487.99,112.68,383.14,490.64,163.55,131.35
374.85,487.99,112.68,381.76,490.49,163.22,134.72
374.85,487.99,112.68,380.75,490.46,162.74,135.34
374.85,487.99,112.68,380.38,490.43,162.65,135.29
374.85,487.99,112.68,381.66,490.73,163.27,114.73
376.21,488.54,117.74,381.53,490.30,163.20,156.21
376.21,488.54,117.74,380.26,490.98,162.47,115.97
376.29,488.58,117.74,381.98,489.91,163.51,158.09
376.29,488.58,117.74,380.22,490.78,162.39,131.87
376.29,488.58,117.74,380.70,490.45,162.75,135.06
376.29,488.57,117.74,380.20,490.91,162.46,114.04
376.37,488.62,122.21,380.73,490.43,162.75,135.20
376.37,488.62,122.21,382.22,490.19,163.12,153.49
376.37,488.62,122.21,382.30,490.55,163.40,132.51
376.37,488.62,122.21,381.73,490.68,163.02,135.61
376.37,488.62,122.21,382.27,490.56,163.38,136.05
376.37,488.62,122.21,380.24,490.90,162.42,117.04
376.44,488.66,126.23,383.02,490.11,163.80,153.75
376.44,488.66,126.23,381.81,491.01,162.92,117.02
377.52,489.13,126.23,381.20,490.95,163.00,110.07
377.59,489.17,126.23,382.68,490.53,163.35,134.51
377.59,489.17,126.23,380.12,490.96,162.51,115.84
377.64,489.21,129.86,381.61,490.78,162.84,115.19
377.72,489.24,129.86,380.05,491.00,162.47,111.03
377.77,489.27,129.86,381.28,490.44,163.12,135.49
377.77,489.27,129.86,379.97,491.52,162.06,107.25
377.81,489.32,133.08,383.31,490.21,163.71,156.76
377.81,489.32,133.08,383.46,489.88,164.03,152.38
377.81,489.32,133.08,381.66,489.90,163.26,157.08
377.81,489.32,133.08,381.80,490.91,162.91,114.80
377.89,489.35,133.08,380.69,490.75,162.71,117.10
377.95,489.38,136.04,381.59,490.42,162.98,135.76
377.95,489.38,136.04,380.07,490.87,162.49,116.76
377.99,489.41,136.04,381.89,490.68,163.11,133.48
377.99,489.41,136.04,381.90,490.59,162.99,130.68
377.99,489.41,136.04,379.84,491.23,162.26,111.87
378.03,489.44,138.66,381.70,489.94,163.37,155.80
378.03,489.44,138.66,380.68,490.75,162.69,114.97
378.08,489.47,138.66,382.38,489.99,163.74,153.00
378.08,489.47,138.66,382.50,490.53,163.27,136.37
378.08,489.47,138.66,380.84,490.62,162.85,134.09
378.08,489.47,138.66,380.62,490.70,162.68,135.41
378.08,489.47,138.66,381.99,491.02,163.02,115.37
378.16,489.50,141.10,382.87,490.70,163.45,133.49
378.16,489.50,141.10,381.37,490.45,163.07,134.14
378.83,490.50,141.10,382.63,491.69,163.27,134.89
380.48,492.94,141.10,381.91,494.54,163.04,125.69
382.31,495.35,141.10,379.53,495.91,162.25,154.67
383.92,497.35,141.10,380.24,501.07,162.27,128.31
387.07,501.44,141.10,380.38,508.92,161.95,87.23
387.23,504.87,143.19,386.47,511.90,161.62,185.70
388.24,506.24,143.19,385.88,513.11,161.50,172.18
392.41,512.04,143.19,386.87,522.92,160.78,131.57
392.99,512.91,143.19,389.42,524.05,162.22,223.23
394.26,514.72,143.19,390.24,528.40,160.79,168.54
395.95,517.05,143.19,392.11,530.04,162.18,239.66
397.39,519.12,143.19,392.38,534.45,161.56,193.97
399.29,521.69,143.19,397.21,538.20,162.89,248.07
401.05,524.14,143.19,399.53,542.22,163.38,317.16
403.41,527.47,143.19,406.08,543.99,169.24,512.09
408.17,534.97,143.19,407.90,556.19,171.49,476.66
398.27,540.41,143.19,403.98,545.10,186.75,1209.92
394.11,544.01,143.19,397.04,547.31,205.91,883.58
386.49,549.44,143.19,405.41,540.87,49.90,1079.48
380.73,553.30,143.19,406.30,546.04,66.99,733.87
376.12,556.83,143.19,403.16,571.98,86.77,776.66
374.90,557.73,143.19,398.40,561.20,109.59,761.38
373.34,558.83,143.19,397.69,564.14,110.73,775.37
372.06,559.73,143.19,400.66,564.39,116.22,814.96
370.81,560.58,143.19,400.51,567.30,112.59,645.19
369.58,561.46,143.19,399.19,568.97,111.30,606.85
366.23,563.98,143.19,399.16,570.86,117.11,725.36
365.32,564.66,143.19,396.35,571.79,121.54,657.14
361.93,567.16,143.19,392.93,579.18,118.39,652.28
360.98,567.82,143.19,396.04,578.35,119.19,526.55
360.06,568.43,143.19,398.20,577.88,122.38,540.88
358.56,569.56,143.19,396.56,579.09,122.93,485.40
355.38,571.82,143.19,393.43,582.54,124.08,525.20
354.10,572.75,143.19,396.34,583.30,118.87,420.22
350.96,575.12,143.19,397.05,585.36,118.45,372.21
348.27,577.05,143.19,400.18,590.01,120.70,395.20
347.66,577.50,143.19,383.15,582.14,126.81,484.41
346.05,578.66,143.19,383.79,583.04,126.70,444.93
343.23,580.74,143.19,382.00,584.07,127.00,496.13
340.16,583.03,143.19,379.30,582.63,128.65,508.18
339.27,583.68,143.19,380.87,580.43,126.32,512.37
338.33,584.36,143.19,380.32,581.00,127.28,499.91
337.12,585.29,143.19,378.44,573.66,136.98,545.37
335.57,586.44,143.19,372.16,576.62,128.02,549.71
333.35,588.11,143.19,375.96,568.73,142.07,513.25
331.55,589.58,143.19,367.68,577.03,130.15,461.48
329.31,591.22,143.19,370.83,564.35,145.47,359.54
327.35,592.49,143.19,356.15,559.78,148.04,329.27
324.62,594.45,143.19,357.35,558.05,150.84,229.21
321.19,597.05,143.19,362.30,556.61,155.49,217.98
316.50,600.51,143.19,384.25,553.58,169.71,202.34
314.94,600.83,143.19,280.24,664.00,107.88,138.94
313.27,598.19,143.19,273.35,659.78,112.54,192.96
309.81,592.15,143.19,271.39,661.43,109.45,149.16
308.15,589.99,143.19,272.11,665.15,104.84,163.74
307.04,588.60,143.19,255.66,646.51,117.32,278.94
305.85,587.00,143.19,264.36,662.66,106.97,238.16
302.98,583.81,143.19,222.28,475.99,206.38,199.29
301.93,584.09,143.19,225.67,624.08,127.68,266.13
299.00,588.01,143.19,220.53,465.66,204.55,165.15
296.28,590.93,143.19,221.59,630.75,127.49,237.05
293.41,592.38,143.19,262.83,680.61,101.25,126.16
291.80,593.18,143.19,255.02,681.71,104.93,114.22
287.37,597.91,139.36,252.42,684.70,105.74,116.81
283.55,602.38,139.36,236.63,680.91,112.51,150.82
281.68,602.08,139.36,347.90,582.35,114.21,190.52
281.08,600.99,139.36,343.68,598.01,103.05,179.28
279.78,598.71,139.36,345.91,572.21,129.02,177.00
277.44,595.47,139.36,335.68,591.92,106.64,176.34
271.71,540.11,139.36,165.23,548.25,152.83,65.76
273.27,538.91,139.36,168.60,546.49,152.26,83.84
272.48,538.12,140.65,169.67,546.87,151.66,87.41
271.91,537.01,140.65,171.76,544.85,152.10,82.18
271.46,535.88,140.65,173.71,543.69,152.25,91.14
270.73,534.99,140.65,171.59,542.97,152.55,75.40
270.51,533.70,140.65,177.35,540.56,153.26,70.68
269.83,532.92,140.65,180.56,539.71,153.72,60.97
270.31,531.49,141.96,183.60,536.57,155.26,73.81
271.71,529.31,141.96,188.88,534.79,153.54,85.52
270.69,528.95,141.96,290.49,536.76,157.44,0.42
276.23,529.25,141.96,194.42,530.45,154.01,107.18
275.83,528.31,141.96,197.00,529.80,154.32,111.85
275.81,527.18,143.19,200.58,524.83,154.35,154.61
279.61,524.57,143.19,203.71,524.55,154.68,140.67
281.71,522.95,143.19,205.92,519.78,154.77,209.62
285.50,520.24,143.19,210.14,518.90,155.29,180.29
284.99,520.74,143.19,210.22,518.23,156.36,209.72
284.88,520.81,143.19,211.51,517.72,157.02,187.95
284.86,520.82,143.19,212.09,516.98,155.65,264.68
284.86,520.82,143.19,211.87,516.90,155.73,259.93
284.86,520.82,143.19,212.03,516.07,155.46,273.92
284.86,520.82,143.19,212.60,516.26,155.45,267.59
284.86,520.82,143.19,211.65,516.95,155.82,256.67
284.86,520.82,143.19,212.20,515.90,155.59,281.60
284.86,520.82,143.19,212.56,516.24,155.44,269.85
284.86,520.82,143.19,211.46,516.18,155.68,281.89
284.86,520.82,143.19,211.98,517.05,156.21,228.85
284.86,520.82,143.19,211.81,517.20,156.15,226.86
284.86,520.82,143.19,212.27,515.60,155.56,289.52
284.86,520.82,143.19,212.09,516.12,155.47,269.44
284.86,520.82,143.19,211.87,516.14,155.47,273.15
284.86,520.82,143.19,211.75,516.11,155.56,279.76
284.86,520.82,143.19,211.80,515.97,155.64,279.27
284.86,520.82,143.19,212.06,516.04,155.49,273.71
284.86,520.82,143.19,212.49,516.40,155.42,275.74
284.86,520.82,143.19,212.67,516.41,155.38,262.71
284.86,520.82,143.19,212.91,516.38,155.52,273.55
284.86,520.82,143.19,212.11,516.08,155.51,275.57
284.86,520.82,143.19,211.81,516.16,155.45,264.53
284.86,520.82,143.19,212.14,515.84,155.68,290.46
284.86,520.82,143.19,211.86,517.03,156.10,219.86
284.86,520.82,143.19,212.64,516.63,155.49,270.03
284.86,520.82,143.19,211.86,515.96,155.69,279.67
284.86,520.82,143.19,212.94,516.46,155.56,278.29
284.86,520.82,143.19,212.77,516.57,155.55,273.07
284.86,520.82,143.19,211.87,516.11,155.49,263.94
284.86,520.82,143.19,211.86,517.16,156.14,219.30
284.86,520.82,143.19,213.06,516.53,155.47,268.61
284.86,520.82,143.19,213.42,516.16,155.32,276.38
284.86,520.82,143.19,213.19,516.22,155.55,291.34
284.86,520.82,143.19,211.83,516.23,155.45,270.29
284.86,520.82,143.19,211.70,516.04,155.58,278.11
284.86,520.82,143.19,212.23,516.47,155.49,266.21
284.86,520.82,143.19,212.03,516.16,155.44,267.58
284.86,520.82,143.19,213.40,516.38,155.29,273.57
284.86,520.82,143.19,212.05,516.08,155.45,273.23
284.86,520.82,143.19,213.59,516.17,155.29,271.04
284.86,520.82,143.19,211.95,516.10,155.56,275.76
284.86,520.82,143.19,211.62,516.32,155.45,275.99
284.86,520.82,143.19,211.78,516.03,155.58,275.95
284.86,520.82,143.19,212.05,516.14,155.47,279.89
284.86,520.82,143.19,212.22,517.43,156.09,220.24
284.86,520.82,143.19,212.66,516.42,155.56,274.34
284.86,520.82,143.19,212.08,516.13,155.45,266.28
284.86,520.82,143.19,213.05,515.89,155.42,269.73
284.86,520.82,143.19,211.80,516.20,155.43,271.50
284.86,520.82,143.19,212.23,517.39,156.06,227.05
284.86,520.82,143.19,212.88,516.60,155.50,265.54
284.86,520.82,143.19,213.04,515.87,155.39,281.73
284.86,520.82,143.19,211.69,517.12,156.04,219.05
284.86,520.82,143.19,211.83,516.19,155.46,270.93
284.86,520.82,143.19,212.12,516.05,155.54,269.16
284.86,520.82,143.19,211.88,516.24,155.48,274.29
284.86,520.82,143.19,212.78,516.70,155.45,264.41
284.86,520.82,143.19,213.59,516.15,155.46,277.88
284.86,520.82,143.19,211.73,516.14,155.50,273.36
284.86,520.82,143.19,211.86,516.13,155.49,266.28
284.86,520.82,143.19,212.60,516.33,155.47,272.27
284.86,520.82,143.19,212.57,516.22,155.46,273.24
284.86,520.82,143.19,213.10,515.76,155.47,277.50
284.86,520.82,143.19,211.43,516.21,155.64,281.77
284.86,520.82,143.19,211.36,516.28,155.59,275.55
285.20,521.18,143.19,212.92,516.81,155.68,274.93
285.82,522.05,143.19,210.44,519.65,157.75,163.06
286.13,522.50,143.19,213.54,520.84,164.36,118.08
285.05,523.02,145.31,216.57,523.24,168.94,107.11
284.33,523.94,145.31,218.05,524.06,172.71,127.02
284.59,524.28,145.31,219.51,522.77,180.60,126.07
285.14,525.12,145.31,218.28,523.95,182.78,141.02
285.55,525.67,145.31,216.32,524.89,190.56,155.16
286.10,526.51,145.31,211.71,526.83,197.63,124.70
286.48,527.15,145.31,210.23,527.77,204.41,114.58
285.24,527.61,151.22,210.51,528.31,208.41,103.00
284.28,528.54,151.22,208.76,529.05,213.24,101.94
283.28,529.46,151.22,421.66,534.77,218.87,336.49
283.88,530.41,151.22,425.75,561.51,93.02,402.09
284.43,531.51,151.22,427.96,563.25,102.55,402.18
284.99,532.45,151.22,407.50,571.87,126.10,476.84
285.41,533.27,151.22,406.95,573.35,131.81,465.49
285.88,534.39,151.22,337.50,628.89,107.07,441.59
286.00,534.59,151.22,421.45,574.80,147.65,448.13
286.01,534.59,151.22,340.97,635.71,119.49,515.34
286.01,534.59,151.22,341.74,634.54,117.92,483.22
286.01,534.59,151.22,370.88,592.49,130.81,628.13
286.01,534.59,151.22,339.02,637.43,119.27,470.11
286.01,534.59,151.22,368.39,593.98,130.47,599.31
286.01,534.59,151.22,369.22,592.87,130.34,587.63
286.01,534.59,151.22,367.66,594.13,130.26,600.41
286.01,534.59,151.22,367.62,594.03,130.16,597.59
286.01,534.59,151.22,339.69,637.02,119.08,478.91
286.01,534.59,151.22,369.92,592.80,130.55,602.35
286.01,534.59,151.22,341.08,634.30,118.31,478.68
286.01,534.59,151.22,368.93,593.82,130.11,577.61
286.01,534.59,151.22,368.91,593.15,130.00,583.92
286.01,534.59,151.22,341.02,637.44,116.66,517.85
286.01,534.59,151.22,368.81,593.95,130.44,609.74
286.01,534.59,151.22,370.97,591.56,129.55,581.71
286.01,534.59,151.22,369.13,593.52,130.19,594.76
286.01,534.59,151.22,367.83,594.14,130.22,596.40
286.01,534.59,151.22,367.79,594.42,130.69,569.54
286.01,534.59,151.22,341.50,635.51,118.28,484.70
286.01,534.59,151.22,343.57,636.26,117.90,485.34
286.01,534.59,151.22,369.32,594.05,130.44,606.98
286.01,534.59,151.22,341.76,634.51,117.90,482.76
286.01,534.59,151.22,370.41,593.32,130.17,631.61
286.01,534.59,151.22,370.02,592.22,129.79,591.66
286.01,534.59,151.22,367.28,593.98,130.18,586.27
286.01,534.59,151.22,371.16,591.97,130.85,645.46
286.01,534.59,151.22,368.62,593.30,130.20,593.91
286.01,534.59,151.22,368.20,593.80,130.02,588.72
286.01,534.59,151.22,341.13,634.58,118.19,468.95
286.01,534.59,151.22,368.78,593.44,130.12,584.21
286.01,534.59,151.22,341.25,634.90,118.07,475.90
286.01,534.59,151.22,420.99,574.97,150.08,454.03
286.01,534.59,151.22,342.91,634.02,116.94,471.58
286.01,534.59,151.22,343.94,635.20,117.24,510.48
286.01,534.59,151.22,334.28,633.83,118.20,346.29
286.01,534.59,151.22,334.28,623.32,118.19,379.32
286.01,534.59,151.22,333.70,628.19,117.44,293.44
286.01,534.59,151.22,331.46,630.19,117.25,299.23
286.01,534.59,151.22,365.93,593.54,130.66,538.06
286.01,534.59,151.22,336.83,633.08,117.45,380.76
286.01,534.59,151.22,368.69,593.45,130.14,596.36
286.01,534.59,151.22,368.48,592.79,130.53,570.46
286.01,534.59,151.22,368.53,593.57,130.22,584.77
286.01,534.59,151.22,369.17,593.04,130.83,580.74
286.01,534.59,151.22,370.16,591.85,130.03,574.01
285.00,535.29,151.22,367.74,594.14,130.53,578.19
282.16,536.81,151.22,339.64,638.39,119.12,502.65
275.71,539.95,151.22,359.58,602.67,130.34,738.10
269.50,543.12,151.22,324.02,665.89,122.84,435.79
268.12,543.81,151.22,402.09,576.56,98.59,274.41
267.10,544.32,151.22,402.04,577.70,98.72,308.54
265.46,545.11,151.22,400.69,582.25,98.52,337.27
263.80,545.99,151.22,399.84,583.66,96.69,276.06
261.83,547.08,151.22,395.98,587.99,95.74,267.84
256.90,549.52,151.22,391.78,593.06,94.73,197.42
254.81,550.48,151.22,393.11,602.31,95.03,295.21
253.09,551.28,151.22,388.45,606.57,92.85,241.89
252.06,551.73,151.22,393.71,603.77,110.40,315.83
251.42,552.08,151.22,392.16,607.59,112.63,360.71
247.96,553.84,151.22,393.37,607.54,108.86,333.86
400.00,600.00,90.00,738.67,349.06,55.21,934.11
400.00,600.00,90.00,408.95,526.36,93.35,1705.18
400.00,600.00,90.00,405.54,510.83,53.87,1632.49
400.00,600.00,90.00,417.78,529.88,114.50,1625.51
400.00,600.00,90.00,420.26,531.79,135.95,1606.90
400.00,600.00,90.00,417.72,530.97,113.63,1642.13
400.00,600.00,90.00,421.49,534.16,141.47,1572.30
400.00,600.00,90.00,419.79,531.64,132.76,1611.52
400.00,600.00,90.00,421.52,533.93,148.61,1518.22
400.00,600.00,90.00,415.98,529.99,114.14,1615.62
400.00,600.00,90.00,421.62,534.96,141.86,1571.93
400.00,600.00,90.00,411.29,526.42,92.88,1671.20
400.00,600.00,90.00,416.91,529.09,111.74,1625.62
400.00,600.00,90.00,422.22,530.43,122.73,1612.84
400.00,600.00,90.00,422.48,534.72,136.09,1616.67
400.00,600.00,90.00,420.29,532.41,126.46,1632.96
400.00,600.00,90.00,421.48,529.25,123.85,1613.37
400.00,600.00,90.00,421.49,532.47,140.94,1553.87
400.00,600.00,90.00,419.76,531.42,135.17,1535.84
400.00,600.00,90.00,420.75,536.84,159.76,1394.58
400.00,600.00,90.00,419.29,537.63,161.82,1455.98
400.00,600.00,90.00,416.71,538.79,170.06,1447.51
400.00,600.00,90.00,414.80,537.10,175.78,1392.53
400.00,600.00,90.00,415.20,538.47,173.38,1403.65
400.00,600.00,90.00,406.98,531.87,87.93,1767.73
400.00,600.00,90.00,417.20,539.08,158.05,1514.60
400.00,600.00,90.00,418.24,535.30,168.96,1287.90
399.99,599.99,90.00,420.90,533.54,161.57,1403.69
399.99,599.99,90.00,417.54,529.21,141.21,1482.78
399.99,599.99,90.00,420.36,527.92,155.40,1244.30
399.99,599.99,90.00,418.59,532.73,135.44,1634.63
399.99,599.99,90.00,402.02,528.74,55.23,1651.01
399.99,599.99,90.00,420.14,538.10,156.46,1517.10
399.99,599.99,90.00,419.73,536.37,150.29,1535.87
399.99,599.99,90.00,418.26,539.06,166.25,1493.76
399.99,599.99,90.00,417.34,537.62,168.24,1401.89
399.99,599.99,90.00,417.71,538.82,170.76,1397.20
399.99,599.99,90.00,416.54,536.78,171.97,1330.76
399.99,599.99,90.00,416.34,538.42,167.33,1408.29
399.99,599.99,90.00,407.32,530.47,95.18,1780.35
399.99,599.99,90.00,417.52,539.11,167.04,1491.39
399.99,599.99,90.00,416.12,537.64,172.03,1397.65
399.99,599.99,90.00,417.83,541.68,166.93,1564.63
399.99,599.99,90.00,418.09,539.67,167.69,1460.99
399.99,599.99,90.00,408.26,528.41,88.07,1724.63
399.99,599.99,90.00,420.44,538.45,160.22,1505.25
399.99,599.99,90.00,420.47,534.26,155.76,1397.65
399.99,599.99,90.00,421.17,530.69,148.91,1399.61
399.99,599.99,90.00,419.93,532.17,141.67,1505.97
399.99,599.99,90.00,421.20,536.87,161.23,1459.06
399.99,599.99,90.00,421.08,531.17,144.14,1488.44
399.99,599.99,90.00,420.58,536.48,149.39,1541.55
399.99,599.99,90.00,418.88,533.95,129.60,1652.93
399.99,599.99,90.00,419.74,536.72,140.89,1601.18
399.99,599.99,90.00,420.98,535.59,136.37,1641.03
399.99,599.99,90.00,421.76,534.19,139.34,1614.15
399.99,599.99,90.00,420.84,530.70,136.17,1585.32
399.99,599.99,90.00,420.98,529.01,135.20,1467.69
399.99,599.99,90.00,420.56,528.81,136.64,1470.59
399.99,599.99,90.00,420.05,526.61,143.27,1379.00
399.99,599.99,90.00,421.15,527.18,140.83,1371.47
399.99,599.99,90.00,429.82,694.61,72.47,1327.40
399.99,599.99,90.00,420.92,525.57,133.71,1734.95
399.99,599.99,90.00,421.26,526.86,134.33,1430.25
399.99,599.99,90.00,420.86,525.64,123.96,1516.61
399.99,599.99,90.00,422.24,526.32,132.41,1434.91
399.99,599.99,90.00,422.50,524.70,133.08,1362.31
399.99,599.99,90.00,421.16,525.33,129.31,1443.75
399.99,599.99,90.00,420.98,525.54,129.16,1418.55
399.98,599.98,90.00,420.49,523.02,136.58,1340.52
399.98,599.98,90.00,419.02,525.24,123.43,1467.81
399.98,599.98,90.00,422.64,526.31,134.08,1406.30
399.98,599.98,90.00,421.08,524.60,136.06,1355.42
399.98,599.98,90.00,419.79,523.95,132.36,1400.32
399.98,599.98,90.00,421.97,525.68,135.58,1382.41
399.98,599.98,90.00,419.93,526.13,124.57,1501.43
399.98,599.98,90.00,420.91,525.09,135.16,1372.78
399.98,599.98,90.00,421.41,527.04,128.91,1458.50
399.98,599.98,90.00,421.49,525.39,140.89,1334.28
399.98,599.98,90.00,420.67,526.48,130.48,1437.80
399.98,599.98,90.00,421.29,525.90,128.53,1477.58
399.98,599.98,90.00,415.15,524.62,113.69,1509.78
399.98,599.98,90.00,451.71,701.82,61.64,695.21
399.98,599.98,90.00,420.90,525.10,133.27,1436.82
399.98,599.98,90.00,422.22,525.68,139.91,1337.80
399.98,599.98,90.00,422.70,526.88,133.57,1417.16
399.98,599.98,90.00,421.20,526.27,135.80,1419.35
399.98,599.98,90.00,421.76,525.64,131.45,1458.75
399.98,599.98,90.00,422.62,526.54,139.56,1382.02
399.98,599.98,90.00,421.25,528.29,135.29,1500.40
399.98,599.98,90.00,422.15,527.91,132.87,1481.24
399.98,599.98,90.00,421.43,530.11,144.97,1421.17
399.98,599.98,90.00,420.77,528.72,136.56,1491.53
399.98,599.98,90.00,421.40,529.13,134.94,1537.59
-0.00,0.00,90.00,57.79,84.47,52.34,690.43
-0.00,0.00,90.00,58.25,82.90,52.96,775.63
-0.00,0.00,90.00,59.61,85.04,50.02,776.44
-0.00,0.00,90.00,60.83,83.48,47.27,788.94
400.00,600.00,90.00,742.72,313.71,52.28,802.03
400.00,600.00,90.00,421.21,529.54,141.13,1424.22
400.00,600.00,90.00,421.41,528.60,134.02,1525.38
400.00,600.00,90.00,421.09,529.02,135.12,1510.47
400.00,600.00,90.00,420.42,528.76,142.43,1386.30
400.00,600.00,90.00,421.07,528.90,142.25,1399.39
400.00,600.00,90.00,421.70,527.70,137.31,1393.32
400.00,600.00,90.00,419.78,528.40,136.41,1459.02
400.00,600.00,90.00,420.69,527.40,140.58,1391.82
400.00,600.00,90.00,421.01,526.78,140.44,1369.95
400.00,600.00,90.00,421.13,527.10,137.93,1430.49
400.00,600.00,90.00,420.34,528.07,136.10,1439.71
399.24,599.91,90.00,421.36,527.79,140.65,1422.92
397.26,599.83,90.00,420.05,527.59,132.97,1488.16
396.54,599.80,90.00,419.51,526.90,125.15,1478.14
395.51,599.79,90.00,419.45,526.78,121.23,1458.09
394.27,599.79,90.00,418.10,522.60,113.85,1419.23
392.44,599.89,90.00,415.93,521.21,108.84,1479.83
391.48,599.87,90.00,523.57,684.68,67.84,634.72
389.63,599.87,90.00,416.18,526.67,121.92,1599.66
387.63,599.84,90.00,418.39,538.38,160.91,1579.27
385.83,599.76,90.00,415.27,517.93,125.37,1263.87
384.60,599.77,90.00,419.72,521.83,129.00,1303.19
383.00,599.77,90.00,412.65,523.21,120.85,1435.15
381.39,599.77,90.00,410.03,526.88,124.00,1493.42
379.64,599.74,90.00,407.77,521.16,122.46,1483.01
378.79,599.76,90.00,405.97,520.43,124.61,1472.73
376.97,599.74,90.00,414.67,526.86,136.22,1604.96
374.77,599.74,90.00,411.19,522.77,126.83,1589.91
372.63,599.83,90.00,413.84,527.15,128.04,1614.31
372.12,599.80,90.00,420.05,529.34,145.68,1628.99
372.11,599.81,90.00,419.39,529.99,141.49,1717.83
372.11,599.81,90.00,416.70,527.33,128.90,1644.41
372.11,599.81,90.00,416.57,526.46,127.86,1634.17
372.11,599.81,90.00,421.87,538.21,154.97,1650.09
372.11,599.81,90.00,417.35,525.74,128.17,1659.71
372.11,599.81,90.00,415.97,525.88,127.99,1663.57
372.11,599.81,90.00,422.91,543.30,171.84,1574.72
372.11,599.81,90.00,420.38,532.12,142.86,1636.85
370.26,599.73,90.00,413.95,525.48,125.96,1674.60
369.61,599.75,90.00,403.48,517.53,88.77,1878.90
367.64,599.73,90.00,423.91,535.47,151.10,1643.02
365.57,599.75,90.00,420.05,521.62,121.14,1679.47
363.35,599.80,90.00,385.66,517.19,41.81,1743.51
361.84,599.79,90.00,427.82,543.71,158.37,1633.26
360.24,599.76,90.00,428.24,537.64,137.23,1648.91
358.22,599.72,90.00,423.56,533.63,133.04,1622.78
355.88,599.70,90.00,420.62,528.25,118.39,1631.15
355.76,599.74,90.00,415.86,528.58,114.52,1639.18
355.73,599.75,90.00,417.52,526.45,109.48,1596.04
355.73,599.75,90.00,418.43,529.63,119.32,1616.19
355.73,599.75,90.00,419.10,533.05,122.60,1686.78
356.67,599.76,90.00,418.94,532.15,122.38,1614.41
358.92,599.77,90.00,423.37,538.91,140.58,1573.71
361.38,599.88,90.00,422.32,535.53,126.84,1635.00
363.04,599.97,90.00,424.99,541.46,139.27,1525.77
364.33,599.96,90.00,421.10,537.79,152.24,1430.04
366.44,599.90,90.00,424.42,538.00,161.75,1421.90
367.85,599.90,90.00,423.49,540.90,170.38,1349.00
370.08,599.85,90.00,425.74,543.58,172.15,1448.83
372.68,599.97,90.00,425.05,542.25,180.26,1544.70
373.10,599.98,90.00,420.45,540.12,172.88,1504.14
373.11,599.99,90.00,418.04,529.18,151.92,1624.99
373.11,599.99,90.00,427.05,536.96,179.51,1475.62
373.11,599.99,90.00,424.21,534.43,167.34,1504.30
373.11,599.99,90.00,420.21,528.04,153.56,1482.26
373.11,599.99,90.00,420.84,529.57,156.45,1526.87
373.11,599.99,90.00,414.92,519.13,139.73,1476.56
373.11,599.99,90.00,424.90,538.30,174.92,1454.57
373.11,599.99,90.00,414.25,519.64,138.92,1453.55
373.11,599.99,90.00,419.10,524.08,149.92,1523.65
373.11,599.99,90.00,411.20,516.30,122.85,1553.45
373.11,599.99,90.00,415.31,513.36,126.59,1449.98
373.12,600.17,90.00,414.53,519.68,125.43,1546.52
373.05,607.40,90.00,409.99,518.41,118.14,1462.76
372.91,613.03,90.00,406.47,520.17,111.09,1275.35
372.79,615.27,90.00,409.93,520.30,88.09,1051.62
372.56,624.12,90.00,407.20,530.60,85.57,1107.11
372.51,626.49,90.00,412.83,534.25,85.94,760.48
372.49,636.53,90.00,409.85,545.10,89.60,728.50
372.44,638.54,90.00,414.18,567.19,93.63,300.78
372.51,637.91,90.00,414.54,570.67,91.82,258.01
372.50,637.84,90.00,416.25,570.20,91.97,241.07
372.44,637.97,90.00,416.75,569.68,92.20,254.76
372.46,638.01,90.00,415.84,570.58,92.04,268.21
372.44,638.01,90.00,416.10,571.21,91.56,262.08
372.45,638.00,90.00,416.38,570.73,91.83,259.07
372.45,638.00,90.00,415.06,570.39,92.06,274.98
372.45,638.00,90.00,415.76,570.60,92.05,267.58
372.45,638.00,90.00,416.70,571.87,91.69,278.62
372.50,632.76,90.00,415.74,566.34,91.49,279.03
372.48,625.91,90.00,414.93,556.46,92.42,339.46
372.57,623.56,90.00,412.60,536.51,86.57,689.66
372.63,620.63,90.00,410.88,530.10,84.22,633.61
372.64,611.58,90.00,411.37,518.99,85.01,652.30
372.72,609.98,90.00,408.96,517.88,90.33,1100.12
372.82,602.15,90.00,406.82,511.55,91.07,1192.19
372.88,603.24,90.00,414.46,520.33,122.29,1585.61
372.88,603.24,90.00,410.37,518.45,109.69,1482.60
372.88,603.24,90.00,410.07,516.76,109.09,1458.39
374.57,603.10,90.00,415.52,522.08,119.67,1511.60
376.68,603.09,90.00,415.20,522.77,127.54,1499.77
374.59,603.10,90.00,413.55,523.56,142.20,1392.74
373.44,603.12,90.00,409.40,521.67,116.98,1500.02
371.10,603.08,90.00,410.17,523.32,121.41,1604.48
369.28,603.06,90.00,402.61,512.68,90.64,1558.19
368.29,603.03,90.00,391.15,512.03,59.94,1557.98
366.16,603.03,90.00,390.49,512.44,59.73,1629.56
364.13,602.99,90.00,385.54,518.22,45.73,1685.70
363.89,603.11,90.00,384.33,513.32,34.60,1517.69
363.88,603.11,90.00,380.27,520.26,14.95,1507.41
363.88,603.11,90.00,384.13,516.00,29.03,1537.66
363.88,603.11,90.00,382.52,522.15,19.05,1587.39
363.88,603.11,90.00,382.41,520.73,30.72,1689.00
363.88,603.11,90.00,383.75,516.46,41.30,1609.40
363.88,603.11,90.00,425.59,541.70,158.67,1563.73
363.88,603.11,90.00,425.82,539.71,153.83,1556.65
353.57,603.15,90.00,420.08,530.97,149.26,1611.52
344.55,603.02,90.00,415.06,537.48,159.31,913.69
340.43,602.96,90.00,391.18,538.68,10.64,944.36
331.38,602.69,90.00,390.44,548.69,12.62,857.63
328.98,602.66,90.00,425.08,526.37,181.70,184.93
326.30,602.64,90.00,420.85,525.07,179.72,82.47
320.74,599.59,98.97,422.16,517.03,181.10,34.75
319.18,597.35,98.97,422.31,509.92,181.37,26.39
313.34,592.84,107.21,422.44,499.31,181.73,18.95
313.87,590.38,107.21,426.69,492.49,183.68,23.50
313.86,587.69,107.21,426.42,488.60,183.97,17.33
311.15,583.16,114.89,427.24,482.40,184.07,17.40
311.92,580.39,114.89,428.21,476.25,183.86,26.37
310.59,576.50,114.89,430.23,473.56,185.13,16.90
311.30,573.32,121.91,430.83,467.72,185.22,18.00
310.63,569.30,121.91,436.23,464.31,186.03,20.69
315.94,569.56,121.91,429.38,460.89,186.57,29.23
320.75,569.39,128.38,430.38,463.75,187.46,32.35
323.25,567.52,128.38,429.36,468.12,186.90,21.31
325.44,565.42,128.38,429.07,469.69,186.91,20.26
326.63,562.86,128.38,428.99,469.50,186.36,21.70
328.05,561.10,128.38,429.43,469.69,186.37,23.67
329.59,559.94,134.18,426.77,468.15,185.85,21.54
330.54,559.48,134.18,426.77,468.18,186.13,21.47
329.10,561.30,134.18,422.87,468.26,186.34,22.65
327.74,562.68,134.18,411.82,467.76,186.38,29.46
329.02,561.04,139.40,408.22,468.84,186.04,38.56
330.89,558.88,139.40,407.01,468.51,187.04,44.74
332.66,557.02,139.40,406.78,468.66,187.13,45.15
334.08,555.26,139.40,407.47,468.72,187.11,41.08
335.57,553.53,144.17,407.35,469.35,186.92,38.05
336.99,551.85,144.17,407.66,469.11,187.06,41.29
338.40,550.19,144.17,406.78,469.36,187.04,39.21
339.77,548.58,144.17,406.53,469.13,186.69,39.33
341.11,546.99,148.42,407.09,469.26,186.93,38.93
342.45,545.40,148.42,406.57,468.55,186.52,41.91
343.76,543.83,148.42,407.81,468.98,187.18,41.24
345.04,542.34,148.42,406.08,468.63,186.33,38.57
346.26,540.86,148.42,407.25,469.20,187.01,38.85
347.48,539.43,148.42,407.46,468.85,186.59,40.53
348.68,538.02,152.24,405.80,468.53,186.21,40.84
349.85,536.60,152.24,407.56,469.23,187.18,41.62
351.00,535.25,152.24,407.19,469.29,186.89,38.77
352.13,533.93,152.24,407.07,468.94,186.86,40.61
353.23,532.63,152.24,407.51,469.45,186.99,36.70
354.31,531.37,152.24,406.85,469.33,187.07,38.31
355.36,530.13,155.72,406.23,468.85,186.79,40.25
356.38,528.90,155.72,407.13,469.50,186.99,39.63
357.39,527.71,155.72,407.09,468.98,187.16,40.89
358.39,526.54,155.72,406.07,468.72,186.75,40.38
359.34,525.38,158.82,407.53,469.14,187.16,40.14
360.31,524.26,158.82,407.64,469.15,187.06,39.10
361.25,523.16,158.82,404.88,468.05,185.90,40.95
362.13,522.05,158.82,406.88,469.22,187.10,40.18
363.02,521.00,161.65,405.96,468.94,186.24,38.59
363.90,519.93,161.65,407.27,469.22,187.01,38.37
364.76,518.92,161.65,405.60,469.22,186.52,38.88
365.58,517.93,161.65,405.98,469.17,186.75,40.19
366.39,516.95,164.16,407.60,469.28,187.07,39.28
367.21,516.00,164.16,406.26,469.20,186.85,40.10
367.99,515.06,164.16,406.44,468.56,186.47,40.14
368.76,514.13,166.39,407.11,468.94,186.50,39.87
369.53,513.23,166.39,406.31,469.43,186.57,38.00
370.27,512.35,166.39,405.85,468.45,186.32,40.91
370.99,511.46,166.39,407.26,469.48,186.89,37.91
371.72,510.62,166.39,406.82,469.10,186.74,37.46
372.42,509.79,166.39,406.41,468.46,186.46,44.37
373.10,508.96,168.40,407.39,469.23,187.03,39.90
373.79,508.17,168.40,407.97,468.93,187.20,42.78
374.47,507.38,168.40,406.78,469.20,186.80,37.07
375.12,506.62,168.40,407.29,468.78,186.58,39.68
375.76,505.86,168.40,407.16,469.33,186.87,38.26
376.39,505.13,170.25,407.38,468.82,186.50,38.94
377.01,504.40,170.25,406.54,468.95,186.93,42.41
377.60,503.69,170.25,407.47,469.24,187.01,38.47
378.19,503.01,170.25,407.02,469.09,187.14,43.20
378.77,502.33,171.94,407.10,469.35,187.20,38.51
379.35,501.65,171.94,406.40,469.12,186.90,39.89
379.89,501.00,171.94,407.52,469.22,187.16,37.76
380.44,500.37,171.94,407.55,468.77,186.56,40.20
380.99,499.74,173.40,406.48,468.98,186.95,39.90
386.08,493.58,173.40,407.61,468.71,187.51,42.10
391.41,487.38,173.40,407.87,468.68,186.69,42.32
395.77,482.40,173.40,406.71,469.05,186.73,39.88
397.95,479.73,173.40,408.00,469.28,187.20,40.08
400.40,477.10,174.78,407.31,469.42,186.89,37.63
401.78,475.57,174.78,406.25,468.75,186.98,40.48
402.68,474.20,174.78,407.20,469.27,186.91,40.21
403.58,473.22,174.78,406.54,468.84,186.98,41.72
404.17,472.34,176.00,407.09,469.24,186.97,39.06
404.23,472.28,176.00,406.89,468.88,186.84,40.04
404.28,472.21,176.00,407.54,469.10,187.00,40.49
404.35,472.15,176.00,407.55,469.19,187.01,39.20
404.41,472.09,176.00,406.82,469.12,187.06,40.56
404.46,472.03,177.10,406.37,469.12,186.87,40.66
404.50,471.97,177.10,406.70,469.36,187.02,37.79
404.54,471.92,177.10,407.73,469.06,187.19,38.09
404.61,471.86,177.10,407.32,469.23,186.97,38.59
404.66,471.81,178.09,407.36,469.15,186.99,40.96
404.71,471.76,178.09,406.70,469.01,186.77,39.63
404.75,471.70,178.09,407.43,469.34,186.99,37.40
404.81,471.66,178.09,407.86,469.02,187.17,41.33
404.87,471.60,178.09,406.82,469.15,186.81,40.82
404.91,471.55,178.96,406.72,469.08,186.78,41.34
404.94,471.50,178.96,406.29,468.60,186.40,39.90
404.97,471.45,178.96,407.74,468.96,187.16,41.62
404.85,471.37,178.96,408.39,469.58,187.48,38.00
402.28,471.30,179.81,405.09,468.30,188.34,42.48
399.81,470.96,179.81,399.09,467.69,186.83,47.38
397.44,470.78,179.81,395.57,467.85,186.89,43.32
393.31,470.71,179.81,397.19,465.90,190.70,76.02
389.72,469.76,-179.10,387.60,466.55,-171.11,61.30
388.39,469.67,-179.10,381.31,465.45,-172.88,54.50
385.16,468.75,-179.10,376.15,465.77,-173.94,51.17
381.92,468.06,-179.10,382.18,464.93,-170.99,65.09
379.56,467.86,-179.10,357.49,460.39,-175.63,77.69
372.50,466.23,-178.40,371.83,464.87,-172.19,62.73
370.90,466.21,-178.40,372.89,465.06,-171.86,80.83
368.52,466.09,-178.40,370.02,465.84,-172.44,67.10
367.31,466.05,-178.40,367.76,463.63,-170.85,101.56
363.90,465.74,-178.40,367.37,464.10,-170.93,88.94
360.50,465.46,-177.66,371.50,465.57,-170.69,99.89
361.36,465.39,-177.66,359.02,464.21,-172.25,92.02
358.19,465.29,-177.66,351.77,461.52,-171.89,126.94
356.68,465.20,-177.66,363.54,464.52,-171.86,93.88
352.48,464.86,-177.66,340.54,461.12,-172.84,141.95
348.65,464.51,-177.66,315.34,459.10,-174.46,151.65
345.65,465.47,-177.66,302.47,459.40,-175.49,187.24
345.60,466.13,-177.66,345.04,467.39,-176.72,239.61
346.38,472.93,-177.66,360.67,474.46,-175.58,174.20
345.97,476.70,-177.66,357.73,478.13,-171.70,183.88
345.84,477.75,-177.66,350.76,482.71,-174.00,163.58
345.78,478.52,-177.66,349.05,485.24,-175.12,113.71
345.98,485.43,-177.15,348.77,489.46,-174.38,166.91
344.45,488.55,-177.15,344.85,495.39,-174.98,190.17
342.86,488.05,-177.15,340.13,499.29,-175.88,164.05
339.91,486.92,-177.15,335.77,498.28,-175.99,208.23
337.09,486.20,-177.15,333.32,498.18,-176.35,226.06
336.31,486.13,-177.15,333.72,496.18,-177.32,280.57
335.22,486.21,-177.15,333.60,497.13,-177.20,239.67
333.56,486.38,-177.15,331.30,497.07,-177.60,239.56
329.03,486.67,-177.15,325.79,497.49,-178.26,265.66
322.98,486.14,-177.15,318.31,499.36,-179.23,209.89
317.48,485.89,-177.15,311.25,500.84,-180.87,166.01
314.32,485.73,-177.15,231.28,501.47,-180.36,61.66
310.28,485.89,-177.79,228.82,501.04,-179.93,71.44
306.67,486.15,-177.79,223.02,502.02,-180.63,57.42
297.72,486.16,-177.79,217.34,501.52,-180.50,55.26
294.19,486.31,-178.33,211.06,503.10,-180.14,28.80
292.14,481.48,-178.33,209.10,498.07,-180.15,24.51
290.90,479.34,-178.33,205.29,496.00,-180.45,23.37
289.43,477.93,-178.76,206.08,493.18,-180.35,21.31
287.75,476.69,-178.76,207.42,488.59,-180.08,23.77
286.12,475.89,-178.76,205.02,488.49,-180.01,23.36
284.37,474.78,-178.76,206.46,486.00,-180.00,19.88
282.74,473.48,-178.76,205.64,482.90,-179.95,14.92
281.31,468.78,-178.76,204.81,478.45,-179.96,22.02
279.89,467.20,-179.00,202.58,474.63,-179.15,11.81
278.42,466.16,-179.00,200.78,472.12,-179.07,12.36
276.95,462.83,-179.00,200.47,467.11,-178.49,11.12
337.83,444.07,-179.00,330.74,401.67,-171.51,1.12
339.34,443.27,-178.25,329.74,405.82,-174.56,1.74
338.89,435.67,-178.25,334.01,405.21,-174.13,1.39
339.41,428.16,-178.25,337.62,404.23,-173.13,0.84
